truth_table,inputs,exact_minimum_gates,classical_lower_k_plus_1,existing_upper_k_plus_1,khrapchenko_product,decision_tree_leaf_count,mean_certificate_size,maximum_certificate_size,mean_certificate_size_output_0,mean_certificate_size_output_1,anf_terms_degree_0,fourier_negative_degree_0,anf_terms_degree_1,fourier_negative_degree_1,anf_terms_degree_2,fourier_negative_degree_2,anf_terms_degree_3,fourier_negative_degree_3,anf_terms_degree_4,fourier_negative_degree_4,and_factorable_partitions,or_factorable_partitions,canalizing_variable_count,restriction_upper_k_plus_1,factor_upper_k_plus_1,classical_width,restriction_gain,factor_gain,construction_upper_k_plus_1,exact_k_plus_1,true_slack,predicted_residual_slack,learned_reduction_beyond_construction,refined_upper_k_plus_1,cohort,covered,violation,residual_slack,model,risk_stratum,predicted_residual_slack_v3,selective_reduction,selective_upper_k_plus_1,covered_v3
242615296,5,13,3.5217391304347827,17.0,3.5217391304347827,11.0,2.6875,4.0,2.1739130434782608,4.0,0.0,1.0,0.0,2.0,4.0,7.0,6.0,5.0,4.0,1.0,0.0,0.0,0.0,17.0,189.0,13.478260869565217,0.0,0.0,17.0,14,3.0,4.480524550536632,2.580522789823587,14.419477210176414,targeted,True,0.0,3.0,teacher,high,4.504927284719363,2.1442214151779977,14.855778584822001,True
387143157,5,13,3.2980392156862743,17.0,3.2980392156862743,11.0,2.625,3.0,3.0,2.294117647058824,1.0,0.0,1.0,0.0,3.0,4.0,2.0,6.0,5.0,3.0,0.0,0.0,0.0,16.0,189.0,13.701960784313728,1.0,0.0,16.0,14,3.0,4.160820436235209,2.260818675522164,13.739181324477835,targeted,False,0.2608186755221631,2.0,teacher,high,4.029293138205551,1.6685872686641856,14.331412731335814,True
336478207,5,13,3.404858299595141,18.0,3.404858299595141,11.0,2.65625,4.0,3.1538461538461537,2.3157894736842106,1.0,0.0,1.0,0.0,2.0,7.0,6.0,5.0,2.0,1.0,0.0,0.0,0.0,17.0,189.0,14.59514170040486,1.0,0.0,17.0,14,4.0,3.730904988860048,1.8309032281470023,15.169096771852995,targeted,True,0.0,3.0,teacher,high,3.375233670235788,1.0145278006944225,15.985472199305578,True
79970223,5,13,3.515625,18.0,3.515625,10.0,2.625,4.0,2.625,2.625,1.0,0.0,2.0,1.0,4.0,7.0,5.0,3.0,2.0,0.0,0.0,0.0,0.0,17.0,189.0,14.484375,1.0,0.0,17.0,14,4.0,3.2437799693021514,1.3437782085891063,15.656221791410893,targeted,True,0.0,3.0,teacher,medium,2.8021203342258127,0.6891732063034786,16.31082679369652,True
1329651709,5,13,3.2666666666666666,18.0,3.2666666666666666,11.0,2.53125,4.0,3.1666666666666665,2.15,1.0,0.0,2.0,2.0,5.0,3.0,7.0,2.0,1.0,2.0,0.0,0.0,0.0,17.0,189.0,14.733333333333334,1.0,0.0,17.0,14,4.0,3.1755086223872064,1.2755068616741614,15.72449313832584,targeted,True,0.0,3.0,teacher,high,3.0482599281238896,0.6875540585825242,16.312445941417476,True
3486336503,5,13,3.6406926406926408,22.0,3.6406926406926408,13.0,2.5625,4.0,3.1818181818181817,2.238095238095238,1.0,0.0,0.0,2.0,5.0,4.0,7.0,5.0,2.0,5.0,0.0,0.0,0.0,17.0,189.0,18.35930735930736,5.0,0.0,17.0,14,8.0,3.134716266140554,1.234714505427509,15.765285494572492,targeted,True,0.0,3.0,teacher,high,4.273029252427211,1.9123233828858455,15.087676617114155,True
4093677780,5,13,4.16017316017316,18.0,4.16017316017316,12.0,2.71875,4.0,2.238095238095238,3.636363636363636,0.0,1.0,2.0,3.0,6.0,4.0,5.0,6.0,2.0,4.0,0.0,0.0,0.0,17.0,189.0,13.83982683982684,1.0,0.0,17.0,14,4.0,3.131032590465976,1.2310308297529309,15.768969170247068,targeted,True,0.0,3.0,teacher,high,3.7125856699877007,1.3518798004463353,15.648120199553665,True
319891255,5,13,3.111111111111111,19.0,3.111111111111111,11.0,2.59375,4.0,2.2777777777777777,3.0,1.0,1.0,0.0,0.0,5.0,2.0,6.0,4.0,4.0,2.0,0.0,0.0,0.0,16.0,189.0,15.88888888888889,3.0,0.0,16.0,14,5.0,3.126794775525379,1.2267930148123338,14.773206985187668,targeted,True,0.0,2.0,teacher,high,3.1111996853255284,0.750493815784163,15.249506184215837,True
1409661375,5,13,4.803921568627451,31.0,4.803921568627451,14.0,3.0,4.0,2.8,3.176470588235294,1.0,0.0,0.0,0.0,6.0,4.0,5.0,5.0,4.0,5.0,0.0,0.0,0.0,18.0,189.0,26.19607843137255,13.0,0.0,18.0,14,17.0,3.1226391546639345,1.2226373939508894,16.77736260604911,targeted,True,0.0,4.0,teacher,high,3.298264899578014,0.9375590300366485,17.06244096996335,True
2937258263,5,13,4.063492063492063,25.0,4.063492063492063,13.0,3.03125,4.0,3.0,3.071428571428572,1.0,1.0,0.0,1.0,7.0,0.0,3.0,4.0,2.0,4.0,0.0,0.0,0.0,17.0,189.0,20.936507936507937,8.0,0.0,17.0,14,11.0,3.109949047722581,1.2099472870095358,15.790052712990464,targeted,True,0.0,3.0,teacher,high,3.9158715146809895,1.555165645139624,15.444834354860376,True
3356325687,5,13,4.803921568627451,23.0,4.803921568627451,12.0,2.90625,4.0,3.066666666666667,2.764705882352941,1.0,0.0,0.0,1.0,5.0,4.0,6.0,6.0,3.0,4.0,0.0,0.0,0.0,18.0,189.0,18.19607843137255,5.0,0.0,18.0,14,9.0,3.0838873666493964,1.1838856059363514,16.81611439406365,targeted,True,0.0,4.0,teacher,high,3.6366761084991115,1.275970238957746,16.724029761042253,True
3358969631,5,13,5.142857142857143,27.0,5.142857142857143,12.0,2.90625,4.0,3.2857142857142856,2.611111111111111,1.0,0.0,0.0,1.0,5.0,1.0,4.0,4.0,3.0,3.0,0.0,0.0,0.0,18.0,189.0,21.857142857142858,9.0,0.0,18.0,14,13.0,3.064207956309332,1.1642061955962868,16.835793804403714,targeted,True,0.0,4.0,teacher,high,3.473748921152426,1.1130430516110605,16.88695694838894,True
2094803968,5,13,3.890688259109312,17.0,3.890688259109312,11.0,2.65625,4.0,2.3157894736842106,3.1538461538461537,0.0,1.0,0.0,4.0,3.0,7.0,5.0,3.0,4.0,3.0,0.0,0.0,0.0,16.0,189.0,13.10931174089069,1.0,0.0,16.0,14,3.0,3.030814297103581,1.130812536390536,14.869187463609464,targeted,True,0.0,2.0,teacher,medium,2.755595692023525,0.642648564101191,15.35735143589881,True
72688679,5,13,3.6406926406926408,18.0,3.6406926406926408,11.0,2.71875,4.0,2.4285714285714284,3.272727272727273,1.0,1.0,2.0,0.0,6.0,4.0,5.0,5.0,2.0,2.0,0.0,0.0,0.0,17.0,189.0,14.359307359307358,1.0,0.0,17.0,14,4.0,3.022262064610492,1.122260303897447,15.877739696102552,targeted,True,0.0,3.0,teacher,medium,2.931528761436799,0.8185816335144649,16.181418366485534,True
813541900,5,13,4.587301587301587,18.0,4.587301587301587,13.0,3.0625,4.0,3.111111111111111,3.0,0.0,1.0,2.0,2.0,6.0,5.0,6.0,1.0,2.0,3.0,0.0,0.0,0.0,18.0,189.0,13.412698412698411,0.0,0.0,18.0,14,4.0,2.992038546463059,1.0920367857500135,16.907963214249985,targeted,True,0.0,4.0,teacher,high,3.728436789756727,1.3677309202153616,16.63226907978464,True
819988714,5,13,3.6406926406926408,18.0,3.6406926406926408,11.0,2.71875,4.0,2.4285714285714284,3.272727272727273,0.0,1.0,1.0,3.0,3.0,8.0,6.0,4.0,4.0,4.0,0.0,0.0,0.0,17.0,189.0,14.359307359307358,1.0,0.0,17.0,14,4.0,2.9421152234755428,1.0421134627624975,15.957886537237504,targeted,True,0.0,3.0,teacher,high,3.0157395350029415,0.655033665461576,16.344966334538423,True
6747328,5,13,4.714285714285714,26.0,4.714285714285714,12.0,2.90625,4.0,2.619047619047619,3.4545454545454546,0.0,1.0,0.0,2.0,5.0,6.0,4.0,5.0,3.0,2.0,0.0,0.0,0.0,16.0,189.0,21.285714285714285,10.0,0.0,16.0,14,12.0,2.9283001876052963,1.0282984268922513,14.97170157310775,targeted,True,0.0,2.0,teacher,medium,2.975725279050463,0.8627781511281287,15.13722184887187,True
4067884192,5,13,4.587301587301587,24.0,4.587301587301587,13.0,2.90625,4.0,3.2857142857142856,2.611111111111111,0.0,0.0,0.0,4.0,6.0,5.0,4.0,5.0,3.0,0.0,0.0,0.0,0.0,17.0,189.0,19.41269841269841,7.0,0.0,17.0,14,10.0,2.9085367707216,1.0085350100085546,15.991464989991446,targeted,True,0.0,3.0,teacher,high,3.9068787375307563,1.546172867989391,15.453827132010609,True
4283699776,5,13,3.571428571428572,22.0,3.571428571428572,13.0,2.59375,4.0,2.555555555555556,2.642857142857143,0.0,1.0,0.0,3.0,6.0,5.0,6.0,5.0,3.0,0.0,0.0,0.0,0.0,17.0,189.0,18.428571428571427,5.0,0.0,17.0,14,8.0,2.894478303541309,0.9944765428282638,16.005523457171737,targeted,True,0.0,3.0,teacher,high,3.7962048639736317,1.4354989944322663,15.564501005567735,True
825950379,5,13,2.951417004048583,19.0,2.951417004048583,11.0,2.5,3.0,2.1578947368421053,3.0,1.0,1.0,3.0,2.0,7.0,4.0,9.0,4.0,4.0,1.0,0.0,0.0,0.0,17.0,189.0,16.048582995951417,2.0,0.0,17.0,14,5.0,2.8920414594309465,0.9920396987179014,16.007960301282097,targeted,True,0.0,3.0,teacher,high,3.32449734230061,0.9637914727592447,16.036208527240756,True
3149610937,5,13,3.0193236714975846,18.0,3.0193236714975846,11.0,2.5,5.0,3.333333333333333,2.1739130434782608,1.0,0.0,2.0,3.0,4.0,6.0,7.0,5.0,5.0,0.0,0.0,0.0,0.0,16.0,189.0,14.980676328502415,2.0,0.0,16.0,14,4.0,2.8908172907697485,0.9908155300567034,15.009184469943296,targeted,True,0.0,2.0,teacher,high,3.0163608955562555,0.6556550260148901,15.344344973985109,True
4278941521,5,13,3.2666666666666666,19.0,3.2666666666666666,11.0,2.625,4.0,3.1666666666666665,2.3,1.0,0.0,2.0,2.0,6.0,2.0,4.0,4.0,2.0,0.0,0.0,0.0,0.0,17.0,189.0,15.733333333333334,2.0,0.0,17.0,14,5.0,2.8581981592341075,0.9581963985210624,16.04180360147894,targeted,True,0.0,3.0,teacher,medium,2.5078697204139515,0.3949225924916173,16.605077407508382,True
35127903,5,13,3.5636363636363635,19.0,3.5636363636363635,11.0,2.59375,4.0,2.227272727272727,3.4,1.0,1.0,2.0,0.0,4.0,2.0,4.0,4.0,3.0,1.0,0.0,0.0,0.0,17.0,189.0,15.436363636363636,2.0,0.0,17.0,14,5.0,2.853343391861213,0.953341631148168,16.046658368851833,targeted,True,0.0,3.0,teacher,medium,2.6135890159922455,0.5006418880699113,16.49935811193009,True
72097613,5,13,3.404858299595141,22.0,3.404858299595141,12.0,2.59375,4.0,2.263157894736842,3.076923076923077,1.0,1.0,3.0,1.0,8.0,6.0,6.0,5.0,4.0,1.0,0.0,0.0,0.0,18.0,189.0,18.59514170040486,4.0,0.0,18.0,14,8.0,2.8380534544403604,0.9380516937273152,17.061948306272683,targeted,True,0.0,4.0,teacher,high,3.0048191174323957,0.6441132478910303,17.35588675210897,True
1433483071,5,13,3.404858299595141,21.0,3.404858299595141,12.0,2.65625,4.0,3.076923076923077,2.3684210526315788,1.0,0.0,0.0,0.0,3.0,5.0,4.0,5.0,4.0,4.0,0.0,0.0,0.0,17.0,189.0,17.59514170040486,4.0,0.0,17.0,14,7.0,2.835869398820678,0.935867638107633,16.064132361892366,targeted,True,0.0,3.0,teacher,high,3.3612020467032013,1.000496177161836,15.999503822838165,True
4125687212,5,13,3.6406926406926408,17.0,3.6406926406926408,11.0,2.59375,4.0,3.272727272727273,2.238095238095238,0.0,0.0,2.0,4.0,5.0,6.0,4.0,4.0,2.0,4.0,0.0,0.0,0.0,15.0,189.0,13.359307359307358,2.0,0.0,15.0,14,3.0,2.8266863795888355,0.9266846188757903,14.07331538112421,targeted,True,0.0,1.0,teacher,medium,2.638458419832793,0.5255112919104588,14.474488708089542,True
18153872,5,13,3.571428571428572,20.0,3.571428571428572,11.0,2.59375,5.0,2.16,4.142857142857143,0.0,1.0,3.0,1.0,7.0,6.0,4.0,7.0,4.0,4.0,0.0,0.0,0.0,17.0,189.0,16.428571428571427,3.0,0.0,17.0,14,6.0,2.822716837150064,0.9227150764370188,16.07728492356298,targeted,True,0.0,3.0,teacher,medium,2.7547308045413574,0.6417836766190232,16.358216323380976,True
1060320703,5,13,3.155844155844156,18.0,3.155844155844156,10.0,2.59375,4.0,3.1818181818181817,2.2857142857142856,1.0,0.0,0.0,0.0,3.0,5.0,5.0,5.0,5.0,5.0,0.0,0.0,0.0,16.0,189.0,14.844155844155845,2.0,0.0,16.0,14,4.0,2.805132916141731,0.9051311554286858,15.094868844571314,targeted,True,0.0,2.0,teacher,medium,2.8689246337912,0.755977505868866,15.244022494131134,True
1476347327,5,13,3.0193236714975846,20.0,3.0193236714975846,11.0,2.4375,5.0,3.333333333333333,2.0869565217391304,1.0,0.0,0.0,1.0,3.0,5.0,5.0,4.0,3.0,4.0,0.0,0.0,0.0,16.0,189.0,16.980676328502415,4.0,0.0,16.0,14,6.0,2.7901261234655155,0.8901243627524704,15.10987563724753,targeted,True,0.0,2.0,teacher,medium,2.9836006435109192,0.8706535155885851,15.129346484411414,True
1919561738,5,13,4.266666666666667,18.0,4.266666666666667,12.0,2.8125,4.0,2.6,3.1666666666666665,0.0,1.0,1.0,3.0,3.0,5.0,5.0,2.0,1.0,3.0,0.0,0.0,0.0,17.0,189.0,13.733333333333334,1.0,0.0,17.0,14,4.0,2.787902288628278,0.887900527915233,16.11209947208477,targeted,True,0.0,3.0,teacher,high,3.260746037883603,0.9000401683422377,16.099959831657763,True
3485659368,5,13,4.803921568627451,24.0,4.803921568627451,12.0,2.84375,4.0,3.066666666666667,2.647058823529412,0.0,0.0,0.0,5.0,6.0,7.0,4.0,5.0,3.0,1.0,0.0,0.0,0.0,17.0,189.0,19.19607843137255,7.0,0.0,17.0,14,10.0,2.787092099112031,0.8870903383989859,16.112909661601016,targeted,True,0.0,3.0,teacher,high,3.6789341335971253,1.3182282640557599,15.68177173594424,True
4205736544,5,13,4.270588235294118,21.0,4.270588235294118,12.0,2.84375,4.0,3.066666666666667,2.647058823529412,0.0,0.0,0.0,4.0,6.0,7.0,6.0,6.0,3.0,1.0,0.0,0.0,0.0,17.0,189.0,16.729411764705883,4.0,0.0,17.0,14,7.0,2.787092099112031,0.8870903383989859,16.112909661601016,targeted,True,0.0,3.0,teacher,high,3.688290188135665,1.3275843185942997,15.6724156814057,True
2426048768,5,13,4.642512077294686,19.0,4.642512077294686,12.0,2.84375,4.0,2.391304347826087,4.0,0.0,1.0,1.0,4.0,5.0,4.0,3.0,7.0,4.0,2.0,0.0,0.0,0.0,17.0,189.0,14.357487922705314,2.0,0.0,17.0,14,5.0,2.779099815741823,0.8790980550287779,16.120901944971223,targeted,True,0.0,3.0,teacher,high,3.833655723941879,1.4729498544005137,15.527050145599485,True
3155439648,5,13,4.090909090909091,18.0,4.090909090909091,11.0,2.6875,4.0,2.272727272727273,3.6,0.0,1.0,0.0,3.0,4.0,3.0,5.0,5.0,4.0,0.0,0.0,0.0,0.0,16.0,189.0,13.90909090909091,2.0,0.0,16.0,14,4.0,2.774161482491088,0.8741597217780428,15.125840278221958,targeted,True,0.0,2.0,teacher,medium,2.3954632901866804,0.28251616226434617,15.717483837735653,True
4199936311,5,13,4.816666666666666,24.0,4.816666666666666,12.0,2.9375,4.0,3.5,2.6,1.0,0.0,0.0,2.0,6.0,0.0,7.0,3.0,1.0,5.0,0.0,0.0,0.0,17.0,189.0,19.183333333333334,7.0,0.0,17.0,14,10.0,2.761833656128128,0.8618318954150825,16.138168104584917,targeted,True,0.0,3.0,teacher,high,3.5762412742326806,1.2155354046913152,15.784464595308684,True
213535816,5,13,4.266666666666667,24.0,4.266666666666667,13.0,2.75,4.0,2.45,3.25,0.0,1.0,0.0,3.0,5.0,6.0,6.0,4.0,5.0,0.0,0.0,0.0,0.0,18.0,189.0,19.73333333333333,6.0,0.0,18.0,14,10.0,2.749110186624781,0.8491084259117359,17.150891574088263,targeted,True,0.0,4.0,teacher,high,3.4554329776367316,1.0947271080953662,16.905272891904634,True
271799674,5,13,4.063492063492063,20.0,4.063492063492063,12.0,2.65625,4.0,2.333333333333333,3.071428571428572,0.0,1.0,4.0,1.0,5.0,5.0,4.0,7.0,3.0,2.0,0.0,0.0,0.0,17.0,189.0,15.936507936507937,3.0,0.0,17.0,14,6.0,2.740245047972444,0.8402432872593986,16.159756712740602,targeted,True,0.0,3.0,teacher,medium,2.9548687933175066,0.8419216653951724,16.158078334604827,True
2162001815,5,13,5.0625,21.0,5.0625,13.0,3.09375,4.0,3.1875,3.0,1.0,0.0,0.0,1.0,6.0,1.0,7.0,6.0,5.0,2.0,0.0,0.0,0.0,17.0,189.0,15.9375,4.0,0.0,17.0,14,7.0,2.73811840290647,0.838116642193425,16.161883357806573,targeted,True,0.0,3.0,teacher,high,3.598395544390587,1.2376896748492214,15.762310325150779,True
267845968,5,13,3.571428571428572,20.0,3.571428571428572,12.0,2.625,4.0,2.2777777777777777,3.071428571428572,0.0,1.0,3.0,1.0,5.0,3.0,7.0,4.0,3.0,3.0,0.0,0.0,0.0,17.0,189.0,16.428571428571427,3.0,0.0,17.0,14,6.0,2.708549393783428,0.8085476330703831,16.191452366929617,targeted,True,0.0,3.0,teacher,medium,2.7971210610713984,0.6841739331490642,16.315826066850935,True
2697994978,5,13,3.6406926406926408,19.0,3.6406926406926408,11.0,2.5625,4.0,2.1904761904761907,3.272727272727273,0.0,1.0,1.0,2.0,4.0,4.0,5.0,7.0,3.0,2.0,0.0,0.0,0.0,17.0,189.0,15.359307359307358,2.0,0.0,17.0,14,5.0,2.705995930577016,0.805994169863971,16.194005830136028,targeted,True,0.0,3.0,teacher,medium,2.986900106857871,0.8739529789355367,16.126047021064462,True
3637435080,5,13,3.768627450980392,24.0,3.768627450980392,12.0,2.71875,4.0,3.066666666666667,2.411764705882353,0.0,0.0,0.0,5.0,6.0,6.0,6.0,5.0,3.0,1.0,0.0,0.0,0.0,16.0,189.0,20.231372549019607,8.0,0.0,16.0,14,10.0,2.69477794827278,0.7947761875597346,15.205223812440266,targeted,True,0.0,2.0,teacher,high,3.2985493455477677,0.9378434760064023,15.062156523993597,True
50464636,5,13,4.714285714285714,26.0,4.714285714285714,13.0,2.78125,4.0,2.333333333333333,3.636363636363636,0.0,1.0,3.0,0.0,5.0,7.0,8.0,8.0,2.0,2.0,0.0,0.0,0.0,17.0,189.0,21.285714285714285,9.0,0.0,17.0,14,12.0,2.69465526518136,0.794653504468315,16.205346495531685,targeted,True,0.0,3.0,teacher,high,3.077115418748217,0.7164095492068516,16.28359045079315,True
4011267927,5,13,4.266666666666667,26.0,4.266666666666667,15.0,2.75,5.0,3.333333333333333,2.4,1.0,0.0,0.0,2.0,2.0,1.0,4.0,6.0,4.0,3.0,0.0,0.0,0.0,18.0,189.0,21.73333333333333,8.0,0.0,18.0,14,12.0,2.691255409850993,0.791253649137948,17.20874635086205,targeted,True,0.0,4.0,teacher,high,4.370536841759589,2.0098309722182233,15.990169027781777,True
992637781,5,13,4.270588235294118,21.0,4.270588235294118,12.0,2.78125,4.0,3.066666666666667,2.5294117647058822,1.0,0.0,2.0,1.0,3.0,6.0,1.0,4.0,5.0,4.0,0.0,0.0,0.0,18.0,189.0,16.729411764705883,3.0,0.0,18.0,14,7.0,2.6686511084697657,0.7686493477567207,17.23135065224328,targeted,True,0.0,4.0,teacher,medium,2.9336882338968353,0.8207411059745011,17.179258894025498,True
4195548192,5,13,3.768627450980392,20.0,3.768627450980392,13.0,2.625,4.0,2.588235294117647,2.6666666666666665,0.0,1.0,0.0,4.0,5.0,6.0,8.0,6.0,4.0,2.0,0.0,0.0,0.0,16.0,189.0,16.231372549019607,4.0,0.0,16.0,14,6.0,2.642586699903434,0.7425849391903889,15.257415060809612,targeted,True,0.0,2.0,teacher,high,3.6543760515453965,1.293670182004031,14.706329817995968,True
573911359,5,13,3.768627450980392,21.0,3.768627450980392,11.0,2.71875,4.0,2.411764705882353,3.066666666666667,1.0,1.0,0.0,0.0,5.0,3.0,6.0,5.0,2.0,4.0,0.0,0.0,0.0,18.0,189.0,17.231372549019607,3.0,0.0,18.0,14,7.0,2.640783464360376,0.7407817036473308,17.25921829635267,targeted,True,0.0,4.0,teacher,medium,2.6486434805423755,0.5356963526200413,17.464303647379957,True
822621952,5,13,3.0193236714975846,23.0,3.0193236714975846,12.0,2.53125,5.0,2.217391304347826,3.333333333333333,0.0,1.0,1.0,1.0,0.0,4.0,5.0,3.0,6.0,1.0,0.0,0.0,0.0,16.0,189.0,19.980676328502412,7.0,0.0,16.0,14,9.0,2.638571446051055,0.7385696853380099,15.26143031466199,targeted,True,0.0,2.0,teacher,high,3.042722255707711,0.6820163861663455,15.317983613833654,True
284170098,5,13,3.890688259109312,20.0,3.890688259109312,12.0,2.875,4.0,2.5789473684210527,3.3076923076923075,0.0,1.0,3.0,1.0,6.0,7.0,5.0,7.0,2.0,4.0,0.0,0.0,0.0,17.0,189.0,16.10931174089069,3.0,0.0,17.0,14,6.0,2.622764976205601,0.7227632154925558,16.277236784507444,targeted,True,0.0,3.0,teacher,high,3.0589471444818512,0.6982412749404858,16.301758725059514,True
2718493376,5,13,3.6406926406926408,22.0,3.6406926406926408,12.0,2.53125,5.0,2.1904761904761907,3.1818181818181817,0.0,1.0,0.0,4.0,2.0,6.0,2.0,5.0,3.0,2.0,0.0,0.0,0.0,16.0,189.0,18.35930735930736,6.0,0.0,16.0,14,8.0,2.601189859976149,0.7011880992631041,15.298811900736895,targeted,True,0.0,2.0,teacher,high,3.3141272666975525,0.9534213971561871,15.046578602843812,True
3741520223,5,13,4.270588235294118,21.0,4.270588235294118,12.0,3.0,3.0,3.0,3.0,1.0,0.0,0.0,2.0,5.0,3.0,6.0,6.0,3.0,4.0,0.0,0.0,0.0,16.0,189.0,16.729411764705883,5.0,0.0,16.0,14,7.0,2.598893358164198,0.6988915974511531,15.301108402548849,targeted,True,0.0,2.0,teacher,high,3.3017672033860626,0.9410613338446971,15.058938666155303,True
183140287,5,13,3.6406926406926408,22.0,3.6406926406926408,12.0,2.53125,5.0,3.272727272727273,2.142857142857143,1.0,0.0,1.0,1.0,2.0,7.0,2.0,2.0,2.0,4.0,0.0,0.0,0.0,17.0,189.0,18.35930735930736,5.0,0.0,17.0,14,8.0,2.597889356510578,0.6978875957975328,16.302112404202468,targeted,True,0.0,3.0,teacher,medium,2.9798443836627,0.866897255740366,16.133102744259634,True
3577209015,5,13,4.959514170040486,21.0,4.959514170040486,14.0,2.90625,4.0,3.3846153846153846,2.5789473684210527,1.0,0.0,1.0,2.0,3.0,5.0,3.0,5.0,5.0,2.0,0.0,0.0,0.0,19.0,189.0,16.040485829959515,2.0,0.0,19.0,14,7.0,2.595310065722038,0.695308305008993,18.304691694991007,targeted,True,0.0,5.0,teacher,high,3.7269491458302038,1.3662432762888383,17.633756723711162,True
3087914,5,13,4.266666666666667,25.0,4.266666666666667,12.0,2.6875,5.0,2.35,3.25,0.0,1.0,2.0,1.0,5.0,6.0,4.0,5.0,3.0,1.0,0.0,0.0,0.0,17.0,189.0,20.73333333333333,8.0,0.0,17.0,14,11.0,2.591175096184453,0.691173335471408,16.308826664528592,targeted,True,0.0,3.0,teacher,medium,2.860463611142735,0.7475164832204007,16.2524835167796,True
3097735344,5,13,3.571428571428572,19.0,3.571428571428572,11.0,2.4375,4.0,2.2777777777777777,2.642857142857143,0.0,1.0,2.0,3.0,3.0,2.0,3.0,5.0,3.0,3.0,0.0,0.0,0.0,16.0,189.0,15.428571428571429,3.0,0.0,16.0,14,5.0,2.589375658767545,0.6893738980544999,15.3106261019455,targeted,True,0.0,2.0,teacher,medium,2.5468547512999975,0.4339076233776633,15.566092376622336,True
185053555,5,13,4.803921568627451,22.0,4.803921568627451,14.0,2.90625,4.0,2.588235294117647,3.2666666666666666,1.0,1.0,1.0,0.0,4.0,1.0,8.0,4.0,4.0,3.0,0.0,0.0,0.0,20.0,189.0,17.19607843137255,2.0,0.0,20.0,14,8.0,2.587064994780778,0.687063234067733,19.312936765932267,targeted,True,0.0,6.0,teacher,high,3.4336416046356018,1.0729357350942363,18.927064264905763,True
3153907904,5,13,3.768627450980392,19.0,3.768627450980392,11.0,2.84375,4.0,2.6,3.0588235294117645,0.0,0.0,0.0,5.0,5.0,6.0,2.0,6.0,4.0,1.0,0.0,0.0,0.0,15.0,189.0,15.231372549019609,4.0,0.0,15.0,14,5.0,2.586902048332016,0.6869002876189709,14.313099712381028,targeted,True,0.0,1.0,teacher,medium,2.85170969456926,0.7387625666469257,14.261237433353074,True
4041253920,5,13,3.155844155844156,19.0,3.155844155844156,12.0,2.59375,5.0,2.2857142857142856,3.1818181818181817,0.0,1.0,0.0,5.0,2.0,5.0,6.0,5.0,3.0,3.0,0.0,0.0,0.0,15.0,189.0,15.844155844155845,4.0,0.0,15.0,14,5.0,2.586105496377074,0.6861037356640289,14.313896264335972,targeted,True,0.0,1.0,teacher,high,3.0998871940192023,0.7391813244778369,14.260818675522163,True
1002086432,5,13,3.404858299595141,22.0,3.404858299595141,12.0,2.5625,4.0,2.210526315789474,3.076923076923077,0.0,1.0,0.0,4.0,4.0,7.0,5.0,4.0,5.0,4.0,0.0,0.0,0.0,16.0,189.0,18.59514170040486,6.0,0.0,16.0,14,8.0,2.5800272822679085,0.6800255215548634,15.319974478445136,targeted,True,0.0,2.0,teacher,high,3.1049849283331716,0.7442790587918062,15.255720941208194,True
121075707,5,13,3.6406926406926408,22.0,3.6406926406926408,12.0,2.625,5.0,3.1818181818181817,2.333333333333333,1.0,0.0,1.0,0.0,4.0,7.0,4.0,6.0,2.0,1.0,0.0,0.0,0.0,17.0,189.0,18.35930735930736,5.0,0.0,17.0,14,8.0,2.579142755980101,0.6791409952670557,16.320859004732945,targeted,True,0.0,3.0,teacher,medium,2.901192061267875,0.788244933345541,16.211755066654458,True
4205575479,5,13,4.642512077294686,23.0,4.642512077294686,14.0,2.875,5.0,4.111111111111111,2.391304347826087,1.0,0.0,0.0,3.0,6.0,3.0,5.0,4.0,3.0,6.0,0.0,0.0,0.0,18.0,189.0,18.357487922705317,5.0,0.0,18.0,14,9.0,2.575475504965689,0.6754737442526442,17.324526255747354,targeted,True,0.0,4.0,teacher,high,3.624739947644742,1.2640340781033768,16.73596592189662,True
285348422,5,13,4.6875,25.0,4.6875,12.0,2.71875,4.0,2.2916666666666665,4.0,0.0,1.0,2.0,0.0,5.0,5.0,6.0,5.0,3.0,1.0,0.0,0.0,0.0,16.0,189.0,20.3125,9.0,0.0,16.0,14,11.0,2.56429897330152,0.6642972125884747,15.335702787411526,targeted,True,0.0,2.0,teacher,medium,2.6577285307655774,0.5447814028432432,15.455218597156756,True
3504137440,5,13,3.768627450980392,20.0,3.768627450980392,11.0,2.53125,4.0,2.5294117647058822,2.533333333333333,0.0,1.0,0.0,3.0,5.0,6.0,3.0,6.0,3.0,1.0,0.0,0.0,0.0,16.0,189.0,16.231372549019607,4.0,0.0,16.0,14,6.0,2.5556356352493053,0.6556338745362602,15.34436612546374,targeted,True,0.0,2.0,teacher,medium,2.93535160030935,0.8224044723870159,15.177595527612985,True
35895978,5,13,2.951417004048583,23.0,2.951417004048583,11.0,2.4375,4.0,2.3684210526315788,2.5384615384615383,0.0,1.0,2.0,1.0,5.0,7.0,6.0,6.0,5.0,4.0,0.0,0.0,0.0,16.0,189.0,20.048582995951417,7.0,0.0,16.0,14,9.0,2.555482157837973,0.6554803971249279,15.344519602875073,targeted,True,0.0,2.0,teacher,medium,2.4919459177835765,0.37899878986124236,15.621001210138758,True
4194513407,5,13,4.959514170040486,25.0,4.959514170040486,11.0,2.84375,4.0,3.230769230769231,2.5789473684210527,1.0,0.0,0.0,2.0,5.0,3.0,3.0,5.0,4.0,5.0,0.0,0.0,0.0,16.0,189.0,20.040485829959515,9.0,0.0,16.0,14,11.0,2.554531007773519,0.654529247060474,15.345470752939526,targeted,True,0.0,2.0,teacher,medium,2.7923889255100383,0.6794417975877041,15.320558202412297,True
1208903694,5,13,4.714285714285714,24.0,4.714285714285714,12.0,2.6875,5.0,2.333333333333333,3.363636363636364,0.0,1.0,2.0,2.0,5.0,7.0,1.0,5.0,2.0,3.0,0.0,0.0,0.0,16.0,189.0,19.285714285714285,8.0,0.0,16.0,14,10.0,2.5442327252880403,0.6442309645749953,15.355769035425006,targeted,True,0.0,2.0,teacher,medium,2.683066602723008,0.5701194748006739,15.429880525199327,True
876006592,5,13,5.5425101214574894,24.0,5.5425101214574894,11.0,2.84375,4.0,2.5789473684210527,3.230769230769231,0.0,1.0,0.0,4.0,5.0,8.0,5.0,5.0,4.0,1.0,0.0,0.0,0.0,15.0,189.0,18.45748987854251,9.0,0.0,15.0,14,10.0,2.53965736188005,0.6396556011670049,14.360344398832996,targeted,True,0.0,1.0,teacher,medium,2.4474955099290585,0.3345483820067243,14.665451617993275,True
566165664,5,13,3.155844155844156,26.0,3.155844155844156,12.0,2.5,4.0,2.142857142857143,3.1818181818181817,0.0,1.0,1.0,3.0,1.0,8.0,6.0,5.0,4.0,3.0,0.0,0.0,0.0,17.0,189.0,22.844155844155843,9.0,0.0,17.0,14,12.0,2.53810479744209,0.6381030367290448,16.361896963270954,targeted,True,0.0,3.0,teacher,high,3.0697354614266628,0.7090295918852974,16.290970408114703,True
589464772,5,13,4.654545454545454,18.0,4.654545454545454,11.0,2.6875,4.0,2.272727272727273,3.6,0.0,1.0,1.0,1.0,4.0,5.0,5.0,3.0,4.0,1.0,0.0,0.0,0.0,16.0,189.0,13.345454545454546,2.0,0.0,16.0,14,4.0,2.5375173129502877,0.6375155522372422,15.362484447762755,targeted,True,0.0,2.0,teacher,medium,2.432247793468705,0.3193006655463706,15.68069933445363,True
1406270463,5,13,3.0193236714975846,20.0,3.0193236714975846,12.0,2.5,4.0,3.555555555555556,2.0869565217391304,1.0,0.0,0.0,1.0,3.0,5.0,6.0,3.0,4.0,5.0,0.0,0.0,0.0,17.0,189.0,16.980676328502415,3.0,0.0,17.0,14,6.0,2.5359069064416286,0.6359051457285836,16.364094854271418,targeted,True,0.0,3.0,teacher,high,3.275330904213637,0.9146250346722717,16.085374965327727,True
137898664,5,13,3.5636363636363635,22.0,3.5636363636363635,12.0,2.71875,4.0,2.3181818181818183,3.6,0.0,1.0,0.0,1.0,4.0,5.0,7.0,3.0,3.0,0.0,0.0,0.0,0.0,15.0,189.0,18.43636363636364,7.0,0.0,15.0,14,8.0,2.534678622233736,0.6346768615206906,14.36532313847931,targeted,True,0.0,1.0,teacher,medium,2.852128452400171,0.7391813244778369,14.260818675522163,True
1006586619,5,13,3.5217391304347827,21.0,3.5217391304347827,12.0,2.625,4.0,4.0,2.0869565217391304,1.0,0.0,2.0,2.0,6.0,6.0,6.0,4.0,3.0,2.0,0.0,0.0,0.0,18.0,189.0,17.47826086956522,3.0,0.0,18.0,14,7.0,2.528227692402119,0.6282259316890739,17.371774068310927,targeted,True,0.0,4.0,teacher,high,3.1441966893118174,0.783490819770452,17.216509180229547,True
81534972,5,13,3.768627450980392,24.0,3.768627450980392,12.0,2.78125,4.0,3.0,2.588235294117647,0.0,0.0,3.0,1.0,4.0,7.0,3.0,8.0,4.0,2.0,0.0,0.0,0.0,16.0,189.0,20.231372549019607,8.0,0.0,16.0,14,10.0,2.5272886255719107,0.6272868648588656,15.372713135141137,targeted,True,0.0,2.0,teacher,high,3.0927069438810606,0.7320010743396952,15.267998925660304,True
16834315,5,13,2.705627705627706,22.0,2.705627705627706,13.0,2.4375,4.0,2.095238095238096,3.090909090909091,1.0,1.0,3.0,1.0,7.0,5.0,7.0,5.0,2.0,1.0,0.0,0.0,0.0,17.0,189.0,19.29437229437229,5.0,0.0,17.0,14,8.0,2.523261975470659,0.6232602147576141,16.376739785242385,targeted,True,0.0,3.0,teacher,high,3.3190738128674417,0.9583679433260763,16.041632056673922,True
1460895250,5,13,4.0,25.0,4.0,12.0,2.875,4.0,2.625,3.125,0.0,0.0,3.0,1.0,6.0,7.0,4.0,4.0,3.0,2.0,0.0,0.0,0.0,17.0,189.0,21.0,8.0,0.0,17.0,14,11.0,2.522239785403888,0.622238024690843,16.377761975309156,targeted,True,0.0,3.0,teacher,medium,2.98945654537363,0.8765094174512957,16.123490582548705,True
2829354112,5,13,4.06280193236715,23.0,4.06280193236715,12.0,2.59375,5.0,2.217391304347826,3.555555555555556,0.0,1.0,0.0,5.0,2.0,4.0,6.0,5.0,3.0,3.0,0.0,0.0,0.0,16.0,189.0,18.93719806763285,7.0,0.0,16.0,14,9.0,2.5220746448063744,0.6220728840933294,15.37792711590667,targeted,True,0.0,2.0,teacher,high,3.0685980790738276,0.7078922095324622,15.292107790467538,True
4197599424,5,13,4.4089068825910935,19.0,4.4089068825910935,12.0,2.71875,4.0,2.3157894736842106,3.3076923076923075,0.0,1.0,0.0,5.0,3.0,4.0,3.0,4.0,3.0,2.0,0.0,0.0,0.0,16.0,189.0,14.591093117408906,3.0,0.0,16.0,14,5.0,2.5200448666085373,0.6200431058954923,15.379956894104508,targeted,True,0.0,2.0,teacher,medium,2.96108893160711,0.8481418036847757,15.151858196315224,True
2711612895,5,13,5.254545454545455,23.0,5.254545454545455,12.0,2.875,4.0,4.0,2.363636363636364,1.0,0.0,0.0,1.0,3.0,2.0,6.0,4.0,3.0,1.0,0.0,0.0,0.0,18.0,189.0,17.745454545454546,5.0,0.0,18.0,14,9.0,2.519306005663049,0.6193042449500039,17.380695755049995,targeted,True,0.0,4.0,teacher,high,3.4044822643673953,1.04377639482603,16.95622360517397,True
118951160,5,13,5.142857142857143,26.0,5.142857142857143,12.0,2.90625,4.0,2.611111111111111,3.2857142857142856,0.0,1.0,2.0,0.0,4.0,5.0,6.0,6.0,4.0,0.0,0.0,0.0,0.0,16.0,189.0,20.857142857142858,10.0,0.0,16.0,14,12.0,2.513688175753958,0.6136864150409136,15.386313584959089,targeted,True,0.0,2.0,teacher,medium,2.463876611032229,0.350929483109895,15.649070516890106,True
2208138239,5,13,4.4089068825910935,20.0,4.4089068825910935,11.0,2.84375,4.0,3.230769230769231,2.5789473684210527,1.0,0.0,0.0,1.0,3.0,4.0,4.0,7.0,5.0,2.0,0.0,0.0,0.0,16.0,189.0,15.591093117408906,4.0,0.0,16.0,14,6.0,2.5003496203831936,0.6003478596701486,15.399652140329852,targeted,True,0.0,2.0,teacher,medium,2.8793263207375936,0.7663791928152595,15.23362080718474,True
196173695,5,13,4.266666666666667,22.0,4.266666666666667,12.0,2.75,4.0,3.25,2.45,1.0,0.0,0.0,0.0,2.0,3.0,6.0,5.0,3.0,2.0,0.0,0.0,0.0,17.0,189.0,17.733333333333334,5.0,0.0,17.0,14,8.0,2.4968448813822715,0.5968431206692264,16.403156879330773,targeted,True,0.0,3.0,teacher,medium,2.8776350925740273,0.7646879646516931,16.235312035348308,True
1162955354,5,13,4.959514170040486,21.0,4.959514170040486,10.0,2.75,4.0,2.421052631578948,3.230769230769231,0.0,1.0,3.0,1.0,3.0,5.0,5.0,6.0,5.0,5.0,0.0,0.0,0.0,15.0,189.0,16.040485829959515,6.0,0.0,15.0,14,7.0,1.5232988390975295,0.0,15.0,random_reference,True,0.0,1.0,teacher,low,1.588753933927206,0.0,15.0,True
2949557243,5,13,3.5217391304347827,21.0,3.5217391304347827,11.0,2.6875,4.0,3.555555555555556,2.347826086956522,1.0,0.0,2.0,2.0,5.0,4.0,6.0,4.0,3.0,2.0,0.0,0.0,0.0,17.0,189.0,17.47826086956522,4.0,0.0,17.0,14,7.0,1.6288135187680908,0.0,17.0,random_reference,True,0.0,3.0,teacher,medium,2.0976692172109668,0.0,17.0,True
3624393732,5,13,4.4089068825910935,22.0,4.4089068825910935,11.0,2.90625,4.0,2.631578947368421,3.3076923076923075,0.0,1.0,2.0,3.0,6.0,5.0,5.0,7.0,2.0,4.0,0.0,0.0,0.0,16.0,189.0,17.591093117408906,6.0,0.0,16.0,14,8.0,1.7354588990870186,0.0,16.0,random_reference,True,0.0,2.0,teacher,medium,2.1419506325542637,0.0,16.0,True
3721418514,5,13,4.0,21.0,4.0,12.0,2.8125,4.0,3.0,2.625,0.0,0.0,3.0,3.0,5.0,3.0,5.0,5.0,4.0,3.0,0.0,0.0,0.0,16.0,189.0,17.0,5.0,0.0,16.0,14,7.0,1.9634121679479184,0.0634104072348733,15.936589592765127,random_reference,True,0.0,2.0,teacher,medium,2.7937005880613395,0.6807534601390053,15.319246539860995,True
13426705,5,13,4.642512077294686,22.0,4.642512077294686,10.0,2.65625,4.0,2.3043478260869565,3.555555555555556,1.0,1.0,4.0,2.0,5.0,3.0,5.0,2.0,5.0,4.0,0.0,0.0,0.0,14.0,189.0,17.357487922705314,8.0,0.0,14.0,14,8.0,1.1193809669369243,0.0,14.0,random_reference,True,0.0,0.0,teacher,low,1.305997255571671,0.0,14.0,True
822003948,5,13,3.768627450980392,23.0,3.768627450980392,13.0,2.75,3.0,3.0,2.5294117647058822,0.0,0.0,1.0,4.0,4.0,8.0,7.0,3.0,2.0,3.0,0.0,0.0,0.0,16.0,189.0,19.231372549019607,7.0,0.0,16.0,14,9.0,1.5869880020701297,0.0,16.0,random_reference,True,0.0,2.0,teacher,medium,2.2696855729261736,0.0,16.0,True
299032528,5,13,4.515625,27.0,4.515625,12.0,3.0625,5.0,3.0,3.125,0.0,0.0,2.0,2.0,3.0,6.0,4.0,4.0,1.0,2.0,0.0,0.0,0.0,17.0,189.0,22.484375,10.0,0.0,17.0,14,13.0,2.0214251181996565,0.1214233574866114,16.878576642513387,random_reference,True,0.0,3.0,teacher,medium,2.311014438640165,0.0,17.0,True
4279951358,5,13,3.571428571428572,21.0,3.571428571428572,11.0,2.5625,5.0,4.142857142857143,2.12,0.0,0.0,4.0,3.0,7.0,6.0,6.0,8.0,2.0,4.0,0.0,0.0,0.0,16.0,189.0,17.428571428571427,5.0,0.0,16.0,14,7.0,1.8357605157943775,0.0,16.0,random_reference,True,0.0,2.0,teacher,medium,2.157174284596226,0.0,16.0,True
2410401621,5,13,4.266666666666667,20.0,4.266666666666667,11.0,2.78125,4.0,3.083333333333333,2.6,1.0,0.0,1.0,2.0,5.0,4.0,7.0,3.0,3.0,2.0,0.0,0.0,0.0,16.0,189.0,15.733333333333334,4.0,0.0,16.0,14,6.0,1.3411609804899536,0.0,16.0,random_reference,True,0.0,2.0,teacher,low,1.8301098940427223,0.2632939629488882,15.736706037051112,True
4227320562,5,13,3.5217391304347827,21.0,3.5217391304347827,11.0,2.59375,4.0,3.555555555555556,2.217391304347826,0.0,0.0,3.0,3.0,5.0,6.0,6.0,7.0,3.0,4.0,0.0,0.0,0.0,15.0,189.0,17.47826086956522,6.0,0.0,15.0,14,7.0,1.8393141744985888,0.0,15.0,random_reference,True,0.0,1.0,teacher,medium,2.0657835585960913,0.0,15.0,True
3465183434,5,13,3.404858299595141,20.0,3.404858299595141,11.0,2.65625,4.0,2.3684210526315788,3.076923076923077,0.0,1.0,1.0,3.0,3.0,3.0,5.0,3.0,6.0,2.0,0.0,0.0,0.0,16.0,189.0,16.59514170040486,4.0,0.0,16.0,14,6.0,1.4811787817658388,0.0,16.0,random_reference,True,0.0,2.0,teacher,low,1.4085488811226181,0.0,16.0,True
2010706888,5,13,4.4089068825910935,19.0,4.4089068825910935,11.0,2.875,4.0,3.3076923076923075,2.5789473684210527,0.0,0.0,1.0,4.0,4.0,8.0,6.0,3.0,5.0,2.0,0.0,0.0,0.0,16.0,189.0,14.591093117408906,3.0,0.0,16.0,14,5.0,1.5800939996212606,0.0,16.0,random_reference,True,0.0,2.0,teacher,low,1.838093017246538,0.27127708615270385,15.728722913847296,True
4042979595,5,13,4.4089068825910935,22.0,4.4089068825910935,10.0,2.75,4.0,3.076923076923077,2.526315789473684,1.0,0.0,3.0,4.0,6.0,3.0,7.0,2.0,4.0,3.0,0.0,0.0,0.0,15.0,189.0,17.591093117408906,7.0,0.0,15.0,14,8.0,1.0486250412918152,0.0,15.0,random_reference,True,0.0,1.0,teacher,low,1.1994393439545115,0.0,15.0,True
1596340006,5,13,4.270588235294118,23.0,4.270588235294118,12.0,3.03125,4.0,3.066666666666667,3.0,0.0,0.0,3.0,2.0,3.0,7.0,2.0,6.0,4.0,3.0,0.0,0.0,0.0,18.0,189.0,18.729411764705883,5.0,0.0,18.0,14,9.0,2.224764274065022,0.3247625133519776,17.675237486648022,random_reference,True,0.0,4.0,teacher,medium,2.9893356138457596,0.8763884859234254,17.123611514076575,True
2915949837,5,13,3.890688259109312,23.0,3.890688259109312,11.0,2.71875,4.0,3.1538461538461537,2.421052631578948,1.0,0.0,2.0,3.0,3.0,3.0,4.0,5.0,3.0,3.0,0.0,0.0,0.0,16.0,189.0,19.10931174089069,7.0,0.0,16.0,14,9.0,1.7172817455445075,0.0,16.0,random_reference,True,0.0,2.0,teacher,low,1.6773863275460228,0.0,16.0,True
578228786,5,13,3.404858299595141,21.0,3.404858299595141,10.0,2.625,4.0,2.3157894736842106,3.076923076923077,0.0,1.0,3.0,3.0,6.0,7.0,5.0,7.0,4.0,3.0,0.0,0.0,0.0,16.0,189.0,17.59514170040486,5.0,0.0,16.0,14,7.0,1.464549290231358,0.0,16.0,random_reference,True,0.0,2.0,teacher,low,1.5311214489570626,0.0,16.0,True
1089733892,5,13,3.5217391304347827,23.0,3.5217391304347827,10.0,2.59375,4.0,2.217391304347826,3.555555555555556,0.0,1.0,2.0,3.0,7.0,6.0,5.0,6.0,4.0,4.0,0.0,0.0,0.0,15.0,189.0,19.47826086956522,8.0,0.0,15.0,14,9.0,1.4071734884696212,0.0,15.0,random_reference,True,0.0,1.0,teacher,low,1.7662686294168957,0.0,15.0,True
4272881908,5,13,4.063492063492063,21.0,4.063492063492063,11.0,2.625,4.0,2.642857142857143,2.611111111111111,0.0,0.0,3.0,4.0,6.0,3.0,8.0,3.0,2.0,4.0,0.0,0.0,0.0,16.0,189.0,16.936507936507937,5.0,0.0,16.0,14,7.0,1.369633414019309,0.0,16.0,random_reference,True,0.0,2.0,teacher,low,1.2756492782335649,0.0,16.0,True
1426141472,5,13,3.0193236714975846,20.0,3.0193236714975846,10.0,2.46875,4.0,2.130434782608696,3.333333333333333,0.0,1.0,2.0,3.0,7.0,5.0,6.0,5.0,3.0,4.0,0.0,0.0,0.0,15.0,189.0,16.980676328502415,5.0,0.0,15.0,14,6.0,1.5269048300987726,0.0,15.0,random_reference,True,0.0,1.0,teacher,low,1.9031565522354859,0.33634062114165175,14.663659378858348,True
1895006191,5,13,3.5217391304347827,21.0,3.5217391304347827,11.0,2.875,5.0,3.4444444444444446,2.652173913043478,1.0,0.0,1.0,1.0,6.0,7.0,5.0,5.0,3.0,3.0,0.0,0.0,0.0,15.0,189.0,17.47826086956522,6.0,0.0,15.0,14,7.0,1.881392331555963,0.0,15.0,random_reference,True,0.0,1.0,teacher,medium,2.0069767802464185,0.0,15.0,True
3850413066,5,13,5.303030303030303,30.0,5.303030303030303,14.0,2.96875,4.0,2.619047619047619,3.636363636363636,0.0,1.0,1.0,5.0,5.0,3.0,5.0,5.0,4.0,4.0,0.0,0.0,0.0,17.0,189.0,24.696969696969692,13.0,0.0,17.0,14,16.0,1.5623626595392908,0.0,17.0,random_reference,True,0.0,3.0,teacher,medium,2.0749404992917464,0.0,17.0,True
705586690,5,13,4.16017316017316,24.0,4.16017316017316,11.0,2.65625,4.0,2.333333333333333,3.272727272727273,0.0,1.0,1.0,3.0,4.0,6.0,4.0,5.0,3.0,3.0,0.0,0.0,0.0,17.0,189.0,19.83982683982684,7.0,0.0,17.0,14,10.0,1.7918617142257205,0.0,17.0,random_reference,True,0.0,3.0,teacher,low,1.776928334551683,0.0,17.0,True
4284542066,5,13,4.4089068825910935,26.0,4.4089068825910935,13.0,2.8125,4.0,3.3076923076923075,2.473684210526316,0.0,0.0,2.0,5.0,8.0,7.0,6.0,5.0,5.0,3.0,0.0,0.0,0.0,16.0,189.0,21.591093117408903,10.0,0.0,16.0,14,12.0,2.0103498987151105,0.1103481380020654,15.889651861997937,random_reference,True,0.0,2.0,teacher,medium,2.476707948428034,0.3637608205056999,15.6362391794943,True
2930064944,5,13,5.0625,22.0,5.0625,10.0,3.125,4.0,3.125,3.125,0.0,0.0,2.0,3.0,5.0,5.0,6.0,5.0,2.0,1.0,0.0,0.0,0.0,15.0,189.0,16.9375,7.0,0.0,15.0,14,8.0,1.1791080961378548,0.0,15.0,random_reference,True,0.0,1.0,teacher,low,1.3586756628434284,0.0,15.0,True
3585311616,5,13,4.587301587301587,19.0,4.587301587301587,11.0,3.125,4.0,3.111111111111111,3.142857142857143,0.0,1.0,2.0,3.0,4.0,5.0,4.0,4.0,1.0,1.0,0.0,0.0,0.0,17.0,189.0,14.412698412698411,2.0,0.0,17.0,14,5.0,2.178375898221597,0.2783741375085524,16.721625862491447,random_reference,True,0.0,3.0,teacher,medium,2.530083705592531,0.41713657767019674,16.582863422329805,True
4030070276,5,13,4.0,21.0,4.0,11.0,2.875,4.0,3.0625,2.6875,0.0,0.0,2.0,2.0,7.0,5.0,4.0,6.0,2.0,1.0,0.0,0.0,0.0,16.0,189.0,17.0,5.0,0.0,16.0,14,7.0,1.8251697264662696,0.0,16.0,random_reference,True,0.0,2.0,teacher,medium,2.1374489123186433,0.0,16.0,True
1358714590,5,13,4.063492063492063,21.0,4.063492063492063,12.0,2.65625,4.0,3.071428571428572,2.333333333333333,0.0,0.0,3.0,2.0,3.0,6.0,3.0,4.0,3.0,2.0,0.0,0.0,0.0,17.0,189.0,16.936507936507937,4.0,0.0,17.0,14,7.0,2.4082000264301198,0.5081982657170743,16.491801734282927,random_reference,True,0.0,3.0,teacher,high,3.1796473095172795,0.8189414399759141,16.181058560024084,True
1136917192,5,13,5.0625,24.0,5.0625,12.0,3.03125,4.0,3.0625,3.0,0.0,0.0,1.0,4.0,6.0,6.0,8.0,3.0,5.0,0.0,0.0,0.0,0.0,15.0,189.0,18.9375,9.0,0.0,15.0,14,10.0,1.5224816918662667,0.0,15.0,random_reference,True,0.0,1.0,teacher,low,1.86357155415131,0.29675562305747594,14.703244376942525,True
4277854277,5,13,4.4089068825910935,22.0,4.4089068825910935,12.0,2.84375,4.0,3.3846153846153846,2.473684210526316,1.0,0.0,4.0,5.0,5.0,3.0,5.0,3.0,4.0,3.0,0.0,0.0,0.0,16.0,189.0,17.591093117408906,6.0,0.0,16.0,14,8.0,1.3956034139925513,0.0,16.0,random_reference,True,0.0,2.0,teacher,medium,2.239565220216421,0.0,16.0,True
3722104138,5,13,4.4089068825910935,23.0,4.4089068825910935,11.0,2.78125,4.0,3.076923076923077,2.5789473684210527,0.0,0.0,2.0,3.0,4.0,6.0,4.0,3.0,1.0,4.0,0.0,0.0,0.0,15.0,189.0,18.591093117408903,8.0,0.0,15.0,14,9.0,1.3125540433760914,0.0,15.0,random_reference,True,0.0,1.0,teacher,low,1.638442193465998,0.0,15.0,True
3953246371,5,13,4.803921568627451,25.0,4.803921568627451,13.0,3.15625,4.0,3.0588235294117645,3.2666666666666666,1.0,1.0,3.0,4.0,6.0,3.0,6.0,4.0,3.0,4.0,0.0,0.0,0.0,17.0,189.0,20.19607843137255,8.0,0.0,17.0,14,11.0,1.6370460383426,0.0,17.0,random_reference,True,0.0,3.0,teacher,medium,2.5834936982207304,0.4705465702983962,16.529453429701604,True
213399720,5,13,4.266666666666667,23.0,4.266666666666667,12.0,2.875,4.0,2.6,3.333333333333333,0.0,1.0,0.0,3.0,4.0,6.0,6.0,1.0,4.0,1.0,0.0,0.0,0.0,16.0,189.0,18.73333333333333,7.0,0.0,16.0,14,9.0,1.6744227130292744,0.0,16.0,random_reference,True,0.0,2.0,teacher,medium,2.5191816542890644,0.4062345263667302,15.593765473633269,True
124128160,5,13,5.4,20.0,5.4,13.0,3.0,4.0,2.6,3.6666666666666665,0.0,1.0,1.0,2.0,5.0,7.0,5.0,3.0,3.0,1.0,0.0,0.0,0.0,19.0,189.0,14.6,1.0,0.0,19.0,14,6.0,2.3280951487261365,0.4280933880130915,18.571906611986908,random_reference,True,0.0,5.0,teacher,medium,2.8248821830088633,0.7119350550865291,18.288064944913472,True
4292794496,5,13,3.404858299595141,22.0,3.404858299595141,13.0,2.6875,4.0,3.1538461538461537,2.3684210526315788,0.0,0.0,0.0,5.0,5.0,7.0,7.0,3.0,5.0,2.0,0.0,0.0,0.0,16.0,189.0,18.59514170040486,6.0,0.0,16.0,14,8.0,2.385213111310433,0.485211350597388,15.514788649402613,random_reference,True,0.0,2.0,teacher,high,3.268169393605615,0.9074635240642497,15.09253647593575,True
64172276,5,13,4.587301587301587,23.0,4.587301587301587,11.0,2.8125,4.0,2.611111111111111,3.071428571428572,0.0,1.0,3.0,1.0,4.0,4.0,6.0,4.0,3.0,2.0,0.0,0.0,0.0,16.0,189.0,18.41269841269841,7.0,0.0,16.0,14,9.0,2.071469026671442,0.1714672659583969,15.828532734041604,random_reference,True,0.0,2.0,teacher,medium,2.223125712095474,0.0,16.0,True
3493707776,5,13,4.090909090909091,21.0,4.090909090909091,11.0,2.625,4.0,2.1818181818181817,3.6,0.0,1.0,1.0,3.0,2.0,3.0,6.0,3.0,2.0,2.0,0.0,0.0,0.0,16.0,189.0,16.90909090909091,5.0,0.0,16.0,14,7.0,1.653796337436383,0.0,16.0,random_reference,True,0.0,2.0,teacher,low,1.5469697938105105,0.0,16.0,True
285997579,5,13,4.063492063492063,22.0,4.063492063492063,10.0,2.84375,4.0,2.611111111111111,3.142857142857143,1.0,1.0,3.0,2.0,5.0,6.0,6.0,2.0,3.0,0.0,0.0,0.0,0.0,15.0,189.0,17.936507936507937,7.0,0.0,15.0,14,8.0,1.5531043580686497,0.0,15.0,random_reference,True,0.0,1.0,teacher,low,1.5805153244598171,0.0,15.0,True
720056299,5,13,3.75,19.0,3.75,9.0,2.625,4.0,3.1666666666666665,2.3,1.0,0.0,2.0,1.0,4.0,4.0,3.0,2.0,2.0,1.0,0.0,0.0,0.0,15.0,189.0,15.25,4.0,0.0,15.0,14,5.0,1.6335626164417558,0.0,15.0,random_reference,True,0.0,1.0,teacher,low,1.662155518146492,0.0,15.0,True
840301109,5,13,4.515625,22.0,4.515625,13.0,3.0,3.0,3.0,3.0,1.0,0.0,2.0,2.0,3.0,5.0,2.0,2.0,4.0,2.0,0.0,0.0,0.0,15.0,189.0,17.484375,7.0,0.0,15.0,14,8.0,1.348760934215407,0.0,15.0,random_reference,True,0.0,1.0,teacher,medium,2.0734153059572114,0.0,15.0,True
1423728270,5,13,4.270588235294118,22.0,4.270588235294118,12.0,3.0625,4.0,3.1333333333333333,3.0,0.0,0.0,2.0,1.0,6.0,7.0,3.0,4.0,5.0,4.0,0.0,0.0,0.0,15.0,189.0,17.729411764705883,7.0,0.0,15.0,14,8.0,2.061866860391934,0.1618650996788888,14.838134900321112,random_reference,True,0.0,1.0,teacher,medium,2.6189032501694887,0.5059561222471545,14.494043877752846,True
242615296,5,13,3.5217391304347827,17.0,3.5217391304347827,11.0,2.6875,4.0,2.1739130434782608,4.0,0.0,1.0,0.0,2.0,4.0,7.0,6.0,5.0,4.0,1.0,0.0,0.0,0.0,17.0,189.0,13.478260869565217,0.0,0.0,17.0,14,3.0,4.480524550536632,2.580522789823587,14.419477210176414,targeted,True,0.0,3.0,student,high,3.337746190954004,2.739181324477837,14.260818675522163,True
387143157,5,13,3.2980392156862743,17.0,3.2980392156862743,11.0,2.625,3.0,3.0,2.294117647058824,1.0,0.0,1.0,0.0,3.0,4.0,2.0,6.0,5.0,3.0,0.0,0.0,0.0,16.0,189.0,13.701960784313728,1.0,0.0,16.0,14,3.0,4.160820436235209,2.260818675522164,13.739181324477835,targeted,False,0.2608186755221631,2.0,student,medium,2.4755781732457605,0.6376994163067127,15.362300583693287,True
336478207,5,13,3.404858299595141,18.0,3.404858299595141,11.0,2.65625,4.0,3.1538461538461537,2.3157894736842106,1.0,0.0,1.0,0.0,2.0,7.0,6.0,5.0,2.0,1.0,0.0,0.0,0.0,17.0,189.0,14.59514170040486,1.0,0.0,17.0,14,4.0,3.730904988860048,1.8309032281470023,15.169096771852995,targeted,True,0.0,3.0,student,medium,2.4755781732457605,0.6376994163067127,16.362300583693287,True
79970223,5,13,3.515625,18.0,3.515625,10.0,2.625,4.0,2.625,2.625,1.0,0.0,2.0,1.0,4.0,7.0,5.0,3.0,2.0,0.0,0.0,0.0,0.0,17.0,189.0,14.484375,1.0,0.0,17.0,14,4.0,3.2437799693021514,1.3437782085891063,15.656221791410893,targeted,True,0.0,3.0,student,medium,2.4755781732457605,0.6376994163067127,16.362300583693287,True
1329651709,5,13,3.2666666666666666,18.0,3.2666666666666666,11.0,2.53125,4.0,3.1666666666666665,2.15,1.0,0.0,2.0,2.0,5.0,3.0,7.0,2.0,1.0,2.0,0.0,0.0,0.0,17.0,189.0,14.733333333333334,1.0,0.0,17.0,14,4.0,3.1755086223872064,1.2755068616741614,15.72449313832584,targeted,True,0.0,3.0,student,medium,2.4755781732457605,0.6376994163067127,16.362300583693287,True
3486336503,5,13,3.6406926406926408,22.0,3.6406926406926408,13.0,2.5625,4.0,3.1818181818181817,2.238095238095238,1.0,0.0,0.0,2.0,5.0,4.0,7.0,5.0,2.0,5.0,0.0,0.0,0.0,17.0,189.0,18.35930735930736,5.0,0.0,17.0,14,8.0,3.134716266140554,1.234714505427509,15.765285494572492,targeted,True,0.0,3.0,student,medium,2.5770600814168847,0.7391813244778369,16.260818675522163,True
4093677780,5,13,4.16017316017316,18.0,4.16017316017316,12.0,2.71875,4.0,2.238095238095238,3.636363636363636,0.0,1.0,2.0,3.0,6.0,4.0,5.0,6.0,2.0,4.0,0.0,0.0,0.0,17.0,189.0,13.83982683982684,1.0,0.0,17.0,14,4.0,3.131032590465976,1.2310308297529309,15.768969170247068,targeted,True,0.0,3.0,student,medium,2.4755781732457605,0.6376994163067127,16.362300583693287,True
319891255,5,13,3.111111111111111,19.0,3.111111111111111,11.0,2.59375,4.0,2.2777777777777777,3.0,1.0,1.0,0.0,0.0,5.0,2.0,6.0,4.0,4.0,2.0,0.0,0.0,0.0,16.0,189.0,15.88888888888889,3.0,0.0,16.0,14,5.0,3.126794775525379,1.2267930148123338,14.773206985187668,targeted,True,0.0,2.0,student,medium,2.5770600814168847,0.7391813244778369,15.260818675522163,True
1409661375,5,13,4.803921568627451,31.0,4.803921568627451,14.0,3.0,4.0,2.8,3.176470588235294,1.0,0.0,0.0,0.0,6.0,4.0,5.0,5.0,4.0,5.0,0.0,0.0,0.0,18.0,189.0,26.19607843137255,13.0,0.0,18.0,14,17.0,3.1226391546639345,1.2226373939508894,16.77736260604911,targeted,True,0.0,4.0,student,medium,2.5770600814168847,0.7391813244778369,17.260818675522163,True
2937258263,5,13,4.063492063492063,25.0,4.063492063492063,13.0,3.03125,4.0,3.0,3.071428571428572,1.0,1.0,0.0,1.0,7.0,0.0,3.0,4.0,2.0,4.0,0.0,0.0,0.0,17.0,189.0,20.936507936507937,8.0,0.0,17.0,14,11.0,3.109949047722581,1.2099472870095358,15.790052712990464,targeted,True,0.0,3.0,student,medium,2.5770600814168847,0.7391813244778369,16.260818675522163,True
3356325687,5,13,4.803921568627451,23.0,4.803921568627451,12.0,2.90625,4.0,3.066666666666667,2.764705882352941,1.0,0.0,0.0,1.0,5.0,4.0,6.0,6.0,3.0,4.0,0.0,0.0,0.0,18.0,189.0,18.19607843137255,5.0,0.0,18.0,14,9.0,3.0838873666493964,1.1838856059363514,16.81611439406365,targeted,True,0.0,4.0,student,medium,2.5770600814168847,0.7391813244778369,17.260818675522163,True
3358969631,5,13,5.142857142857143,27.0,5.142857142857143,12.0,2.90625,4.0,3.2857142857142856,2.611111111111111,1.0,0.0,0.0,1.0,5.0,1.0,4.0,4.0,3.0,3.0,0.0,0.0,0.0,18.0,189.0,21.857142857142858,9.0,0.0,18.0,14,13.0,3.064207956309332,1.1642061955962868,16.835793804403714,targeted,True,0.0,4.0,student,medium,2.5770600814168847,0.7391813244778369,17.260818675522163,True
2094803968,5,13,3.890688259109312,17.0,3.890688259109312,11.0,2.65625,4.0,2.3157894736842106,3.1538461538461537,0.0,1.0,0.0,4.0,3.0,7.0,5.0,3.0,4.0,3.0,0.0,0.0,0.0,16.0,189.0,13.10931174089069,1.0,0.0,16.0,14,3.0,3.030814297103581,1.130812536390536,14.869187463609464,targeted,True,0.0,2.0,student,medium,2.4755781732457605,0.6376994163067127,15.362300583693287,True
72688679,5,13,3.6406926406926408,18.0,3.6406926406926408,11.0,2.71875,4.0,2.4285714285714284,3.272727272727273,1.0,1.0,2.0,0.0,6.0,4.0,5.0,5.0,2.0,2.0,0.0,0.0,0.0,17.0,189.0,14.359307359307358,1.0,0.0,17.0,14,4.0,3.022262064610492,1.122260303897447,15.877739696102552,targeted,True,0.0,3.0,student,medium,2.4755781732457605,0.6376994163067127,16.362300583693287,True
813541900,5,13,4.587301587301587,18.0,4.587301587301587,13.0,3.0625,4.0,3.111111111111111,3.0,0.0,1.0,2.0,2.0,6.0,5.0,6.0,1.0,2.0,3.0,0.0,0.0,0.0,18.0,189.0,13.412698412698411,0.0,0.0,18.0,14,4.0,2.992038546463059,1.0920367857500135,16.907963214249985,targeted,True,0.0,4.0,student,high,3.337746190954004,2.739181324477837,15.260818675522163,True
819988714,5,13,3.6406926406926408,18.0,3.6406926406926408,11.0,2.71875,4.0,2.4285714285714284,3.272727272727273,0.0,1.0,1.0,3.0,3.0,8.0,6.0,4.0,4.0,4.0,0.0,0.0,0.0,17.0,189.0,14.359307359307358,1.0,0.0,17.0,14,4.0,2.9421152234755428,1.0421134627624975,15.957886537237504,targeted,True,0.0,3.0,student,medium,2.4755781732457605,0.6376994163067127,16.362300583693287,True
6747328,5,13,4.714285714285714,26.0,4.714285714285714,12.0,2.90625,4.0,2.619047619047619,3.4545454545454546,0.0,1.0,0.0,2.0,5.0,6.0,4.0,5.0,3.0,2.0,0.0,0.0,0.0,16.0,189.0,21.285714285714285,10.0,0.0,16.0,14,12.0,2.9283001876052963,1.0282984268922513,14.97170157310775,targeted,True,0.0,2.0,student,medium,2.5770600814168847,0.7391813244778369,15.260818675522163,True
4067884192,5,13,4.587301587301587,24.0,4.587301587301587,13.0,2.90625,4.0,3.2857142857142856,2.611111111111111,0.0,0.0,0.0,4.0,6.0,5.0,4.0,5.0,3.0,0.0,0.0,0.0,0.0,17.0,189.0,19.41269841269841,7.0,0.0,17.0,14,10.0,2.9085367707216,1.0085350100085546,15.991464989991446,targeted,True,0.0,3.0,student,medium,2.5770600814168847,0.7391813244778369,16.260818675522163,True
4283699776,5,13,3.571428571428572,22.0,3.571428571428572,13.0,2.59375,4.0,2.555555555555556,2.642857142857143,0.0,1.0,0.0,3.0,6.0,5.0,6.0,5.0,3.0,0.0,0.0,0.0,0.0,17.0,189.0,18.428571428571427,5.0,0.0,17.0,14,8.0,2.894478303541309,0.9944765428282638,16.005523457171737,targeted,True,0.0,3.0,student,medium,2.5770600814168847,0.7391813244778369,16.260818675522163,True
825950379,5,13,2.951417004048583,19.0,2.951417004048583,11.0,2.5,3.0,2.1578947368421053,3.0,1.0,1.0,3.0,2.0,7.0,4.0,9.0,4.0,4.0,1.0,0.0,0.0,0.0,17.0,189.0,16.048582995951417,2.0,0.0,17.0,14,5.0,2.8920414594309465,0.9920396987179014,16.007960301282097,targeted,True,0.0,3.0,student,low,1.6925968819326973,0.0,17.0,True
3149610937,5,13,3.0193236714975846,18.0,3.0193236714975846,11.0,2.5,5.0,3.333333333333333,2.1739130434782608,1.0,0.0,2.0,3.0,4.0,6.0,7.0,5.0,5.0,0.0,0.0,0.0,0.0,16.0,189.0,14.980676328502415,2.0,0.0,16.0,14,4.0,2.8908172907697485,0.9908155300567034,15.009184469943296,targeted,True,0.0,2.0,student,low,1.6925968819326973,0.0,16.0,True
4278941521,5,13,3.2666666666666666,19.0,3.2666666666666666,11.0,2.625,4.0,3.1666666666666665,2.3,1.0,0.0,2.0,2.0,6.0,2.0,4.0,4.0,2.0,0.0,0.0,0.0,0.0,17.0,189.0,15.733333333333334,2.0,0.0,17.0,14,5.0,2.8581981592341075,0.9581963985210624,16.04180360147894,targeted,True,0.0,3.0,student,low,1.6925968819326973,0.0,17.0,True
35127903,5,13,3.5636363636363635,19.0,3.5636363636363635,11.0,2.59375,4.0,2.227272727272727,3.4,1.0,1.0,2.0,0.0,4.0,2.0,4.0,4.0,3.0,1.0,0.0,0.0,0.0,17.0,189.0,15.436363636363636,2.0,0.0,17.0,14,5.0,2.853343391861213,0.953341631148168,16.046658368851833,targeted,True,0.0,3.0,student,low,1.6925968819326973,0.0,17.0,True
72097613,5,13,3.404858299595141,22.0,3.404858299595141,12.0,2.59375,4.0,2.263157894736842,3.076923076923077,1.0,1.0,3.0,1.0,8.0,6.0,6.0,5.0,4.0,1.0,0.0,0.0,0.0,18.0,189.0,18.59514170040486,4.0,0.0,18.0,14,8.0,2.8380534544403604,0.9380516937273152,17.061948306272683,targeted,True,0.0,4.0,student,low,1.6925968819326973,0.0,18.0,True
1433483071,5,13,3.404858299595141,21.0,3.404858299595141,12.0,2.65625,4.0,3.076923076923077,2.3684210526315788,1.0,0.0,0.0,0.0,3.0,5.0,4.0,5.0,4.0,4.0,0.0,0.0,0.0,17.0,189.0,17.59514170040486,4.0,0.0,17.0,14,7.0,2.835869398820678,0.935867638107633,16.064132361892366,targeted,True,0.0,3.0,student,medium,2.5770600814168847,0.7391813244778369,16.260818675522163,True
4125687212,5,13,3.6406926406926408,17.0,3.6406926406926408,11.0,2.59375,4.0,3.272727272727273,2.238095238095238,0.0,0.0,2.0,4.0,5.0,6.0,4.0,4.0,2.0,4.0,0.0,0.0,0.0,15.0,189.0,13.359307359307358,2.0,0.0,15.0,14,3.0,2.8266863795888355,0.9266846188757903,14.07331538112421,targeted,True,0.0,1.0,student,low,1.6925968819326973,0.0,15.0,True
18153872,5,13,3.571428571428572,20.0,3.571428571428572,11.0,2.59375,5.0,2.16,4.142857142857143,0.0,1.0,3.0,1.0,7.0,6.0,4.0,7.0,4.0,4.0,0.0,0.0,0.0,17.0,189.0,16.428571428571427,3.0,0.0,17.0,14,6.0,2.822716837150064,0.9227150764370188,16.07728492356298,targeted,True,0.0,3.0,student,low,1.6925968819326973,0.0,17.0,True
1060320703,5,13,3.155844155844156,18.0,3.155844155844156,10.0,2.59375,4.0,3.1818181818181817,2.2857142857142856,1.0,0.0,0.0,0.0,3.0,5.0,5.0,5.0,5.0,5.0,0.0,0.0,0.0,16.0,189.0,14.844155844155845,2.0,0.0,16.0,14,4.0,2.805132916141731,0.9051311554286858,15.094868844571314,targeted,True,0.0,2.0,student,medium,2.5770600814168847,0.7391813244778369,15.260818675522163,True
1476347327,5,13,3.0193236714975846,20.0,3.0193236714975846,11.0,2.4375,5.0,3.333333333333333,2.0869565217391304,1.0,0.0,0.0,1.0,3.0,5.0,5.0,4.0,3.0,4.0,0.0,0.0,0.0,16.0,189.0,16.980676328502415,4.0,0.0,16.0,14,6.0,2.7901261234655155,0.8901243627524704,15.10987563724753,targeted,True,0.0,2.0,student,medium,2.5770600814168847,0.7391813244778369,15.260818675522163,True
1919561738,5,13,4.266666666666667,18.0,4.266666666666667,12.0,2.8125,4.0,2.6,3.1666666666666665,0.0,1.0,1.0,3.0,3.0,5.0,5.0,2.0,1.0,3.0,0.0,0.0,0.0,17.0,189.0,13.733333333333334,1.0,0.0,17.0,14,4.0,2.787902288628278,0.887900527915233,16.11209947208477,targeted,True,0.0,3.0,student,medium,2.4755781732457605,0.6376994163067127,16.362300583693287,True
3485659368,5,13,4.803921568627451,24.0,4.803921568627451,12.0,2.84375,4.0,3.066666666666667,2.647058823529412,0.0,0.0,0.0,5.0,6.0,7.0,4.0,5.0,3.0,1.0,0.0,0.0,0.0,17.0,189.0,19.19607843137255,7.0,0.0,17.0,14,10.0,2.787092099112031,0.8870903383989859,16.112909661601016,targeted,True,0.0,3.0,student,medium,2.5770600814168847,0.7391813244778369,16.260818675522163,True
4205736544,5,13,4.270588235294118,21.0,4.270588235294118,12.0,2.84375,4.0,3.066666666666667,2.647058823529412,0.0,0.0,0.0,4.0,6.0,7.0,6.0,6.0,3.0,1.0,0.0,0.0,0.0,17.0,189.0,16.729411764705883,4.0,0.0,17.0,14,7.0,2.787092099112031,0.8870903383989859,16.112909661601016,targeted,True,0.0,3.0,student,medium,2.5770600814168847,0.7391813244778369,16.260818675522163,True
2426048768,5,13,4.642512077294686,19.0,4.642512077294686,12.0,2.84375,4.0,2.391304347826087,4.0,0.0,1.0,1.0,4.0,5.0,4.0,3.0,7.0,4.0,2.0,0.0,0.0,0.0,17.0,189.0,14.357487922705314,2.0,0.0,17.0,14,5.0,2.779099815741823,0.8790980550287779,16.120901944971223,targeted,True,0.0,3.0,student,low,1.6925968819326973,0.0,17.0,True
3155439648,5,13,4.090909090909091,18.0,4.090909090909091,11.0,2.6875,4.0,2.272727272727273,3.6,0.0,1.0,0.0,3.0,4.0,3.0,5.0,5.0,4.0,0.0,0.0,0.0,0.0,16.0,189.0,13.90909090909091,2.0,0.0,16.0,14,4.0,2.774161482491088,0.8741597217780428,15.125840278221958,targeted,True,0.0,2.0,student,medium,2.5770600814168847,0.7391813244778369,15.260818675522163,True
4199936311,5,13,4.816666666666666,24.0,4.816666666666666,12.0,2.9375,4.0,3.5,2.6,1.0,0.0,0.0,2.0,6.0,0.0,7.0,3.0,1.0,5.0,0.0,0.0,0.0,17.0,189.0,19.183333333333334,7.0,0.0,17.0,14,10.0,2.761833656128128,0.8618318954150825,16.138168104584917,targeted,True,0.0,3.0,student,medium,2.5770600814168847,0.7391813244778369,16.260818675522163,True
213535816,5,13,4.266666666666667,24.0,4.266666666666667,13.0,2.75,4.0,2.45,3.25,0.0,1.0,0.0,3.0,5.0,6.0,6.0,4.0,5.0,0.0,0.0,0.0,0.0,18.0,189.0,19.73333333333333,6.0,0.0,18.0,14,10.0,2.749110186624781,0.8491084259117359,17.150891574088263,targeted,True,0.0,4.0,student,medium,2.5770600814168847,0.7391813244778369,17.260818675522163,True
271799674,5,13,4.063492063492063,20.0,4.063492063492063,12.0,2.65625,4.0,2.333333333333333,3.071428571428572,0.0,1.0,4.0,1.0,5.0,5.0,4.0,7.0,3.0,2.0,0.0,0.0,0.0,17.0,189.0,15.936507936507937,3.0,0.0,17.0,14,6.0,2.740245047972444,0.8402432872593986,16.159756712740602,targeted,True,0.0,3.0,student,low,1.6925968819326973,0.0,17.0,True
2162001815,5,13,5.0625,21.0,5.0625,13.0,3.09375,4.0,3.1875,3.0,1.0,0.0,0.0,1.0,6.0,1.0,7.0,6.0,5.0,2.0,0.0,0.0,0.0,17.0,189.0,15.9375,4.0,0.0,17.0,14,7.0,2.73811840290647,0.838116642193425,16.161883357806573,targeted,True,0.0,3.0,student,medium,2.5770600814168847,0.7391813244778369,16.260818675522163,True
267845968,5,13,3.571428571428572,20.0,3.571428571428572,12.0,2.625,4.0,2.2777777777777777,3.071428571428572,0.0,1.0,3.0,1.0,5.0,3.0,7.0,4.0,3.0,3.0,0.0,0.0,0.0,17.0,189.0,16.428571428571427,3.0,0.0,17.0,14,6.0,2.708549393783428,0.8085476330703831,16.191452366929617,targeted,True,0.0,3.0,student,low,1.6925968819326973,0.0,17.0,True
2697994978,5,13,3.6406926406926408,19.0,3.6406926406926408,11.0,2.5625,4.0,2.1904761904761907,3.272727272727273,0.0,1.0,1.0,2.0,4.0,4.0,5.0,7.0,3.0,2.0,0.0,0.0,0.0,17.0,189.0,15.359307359307358,2.0,0.0,17.0,14,5.0,2.705995930577016,0.805994169863971,16.194005830136028,targeted,True,0.0,3.0,student,low,1.6925968819326973,0.0,17.0,True
3637435080,5,13,3.768627450980392,24.0,3.768627450980392,12.0,2.71875,4.0,3.066666666666667,2.411764705882353,0.0,0.0,0.0,5.0,6.0,6.0,6.0,5.0,3.0,1.0,0.0,0.0,0.0,16.0,189.0,20.231372549019607,8.0,0.0,16.0,14,10.0,2.69477794827278,0.7947761875597346,15.205223812440266,targeted,True,0.0,2.0,student,medium,2.5770600814168847,0.7391813244778369,15.260818675522163,True
50464636,5,13,4.714285714285714,26.0,4.714285714285714,13.0,2.78125,4.0,2.333333333333333,3.636363636363636,0.0,1.0,3.0,0.0,5.0,7.0,8.0,8.0,2.0,2.0,0.0,0.0,0.0,17.0,189.0,21.285714285714285,9.0,0.0,17.0,14,12.0,2.69465526518136,0.794653504468315,16.205346495531685,targeted,True,0.0,3.0,student,low,1.6925968819326973,0.0,17.0,True
4011267927,5,13,4.266666666666667,26.0,4.266666666666667,15.0,2.75,5.0,3.333333333333333,2.4,1.0,0.0,0.0,2.0,2.0,1.0,4.0,6.0,4.0,3.0,0.0,0.0,0.0,18.0,189.0,21.73333333333333,8.0,0.0,18.0,14,12.0,2.691255409850993,0.791253649137948,17.20874635086205,targeted,True,0.0,4.0,student,medium,2.5770600814168847,0.7391813244778369,17.260818675522163,True
992637781,5,13,4.270588235294118,21.0,4.270588235294118,12.0,2.78125,4.0,3.066666666666667,2.5294117647058822,1.0,0.0,2.0,1.0,3.0,6.0,1.0,4.0,5.0,4.0,0.0,0.0,0.0,18.0,189.0,16.729411764705883,3.0,0.0,18.0,14,7.0,2.6686511084697657,0.7686493477567207,17.23135065224328,targeted,True,0.0,4.0,student,low,1.6925968819326973,0.0,18.0,True
4195548192,5,13,3.768627450980392,20.0,3.768627450980392,13.0,2.625,4.0,2.588235294117647,2.6666666666666665,0.0,1.0,0.0,4.0,5.0,6.0,8.0,6.0,4.0,2.0,0.0,0.0,0.0,16.0,189.0,16.231372549019607,4.0,0.0,16.0,14,6.0,2.642586699903434,0.7425849391903889,15.257415060809612,targeted,True,0.0,2.0,student,medium,2.5770600814168847,0.7391813244778369,15.260818675522163,True
573911359,5,13,3.768627450980392,21.0,3.768627450980392,11.0,2.71875,4.0,2.411764705882353,3.066666666666667,1.0,1.0,0.0,0.0,5.0,3.0,6.0,5.0,2.0,4.0,0.0,0.0,0.0,18.0,189.0,17.231372549019607,3.0,0.0,18.0,14,7.0,2.640783464360376,0.7407817036473308,17.25921829635267,targeted,True,0.0,4.0,student,medium,2.5770600814168847,0.7391813244778369,17.260818675522163,True
822621952,5,13,3.0193236714975846,23.0,3.0193236714975846,12.0,2.53125,5.0,2.217391304347826,3.333333333333333,0.0,1.0,1.0,1.0,0.0,4.0,5.0,3.0,6.0,1.0,0.0,0.0,0.0,16.0,189.0,19.980676328502412,7.0,0.0,16.0,14,9.0,2.638571446051055,0.7385696853380099,15.26143031466199,targeted,True,0.0,2.0,student,low,1.6925968819326973,0.0,16.0,True
284170098,5,13,3.890688259109312,20.0,3.890688259109312,12.0,2.875,4.0,2.5789473684210527,3.3076923076923075,0.0,1.0,3.0,1.0,6.0,7.0,5.0,7.0,2.0,4.0,0.0,0.0,0.0,17.0,189.0,16.10931174089069,3.0,0.0,17.0,14,6.0,2.622764976205601,0.7227632154925558,16.277236784507444,targeted,True,0.0,3.0,student,low,1.6925968819326973,0.0,17.0,True
2718493376,5,13,3.6406926406926408,22.0,3.6406926406926408,12.0,2.53125,5.0,2.1904761904761907,3.1818181818181817,0.0,1.0,0.0,4.0,2.0,6.0,2.0,5.0,3.0,2.0,0.0,0.0,0.0,16.0,189.0,18.35930735930736,6.0,0.0,16.0,14,8.0,2.601189859976149,0.7011880992631041,15.298811900736895,targeted,True,0.0,2.0,student,medium,2.5770600814168847,0.7391813244778369,15.260818675522163,True
3741520223,5,13,4.270588235294118,21.0,4.270588235294118,12.0,3.0,3.0,3.0,3.0,1.0,0.0,0.0,2.0,5.0,3.0,6.0,6.0,3.0,4.0,0.0,0.0,0.0,16.0,189.0,16.729411764705883,5.0,0.0,16.0,14,7.0,2.598893358164198,0.6988915974511531,15.301108402548849,targeted,True,0.0,2.0,student,medium,2.5770600814168847,0.7391813244778369,15.260818675522163,True
183140287,5,13,3.6406926406926408,22.0,3.6406926406926408,12.0,2.53125,5.0,3.272727272727273,2.142857142857143,1.0,0.0,1.0,1.0,2.0,7.0,2.0,2.0,2.0,4.0,0.0,0.0,0.0,17.0,189.0,18.35930735930736,5.0,0.0,17.0,14,8.0,2.597889356510578,0.6978875957975328,16.302112404202468,targeted,True,0.0,3.0,student,low,1.6925968819326973,0.0,17.0,True
3577209015,5,13,4.959514170040486,21.0,4.959514170040486,14.0,2.90625,4.0,3.3846153846153846,2.5789473684210527,1.0,0.0,1.0,2.0,3.0,5.0,3.0,5.0,5.0,2.0,0.0,0.0,0.0,19.0,189.0,16.040485829959515,2.0,0.0,19.0,14,7.0,2.595310065722038,0.695308305008993,18.304691694991007,targeted,True,0.0,5.0,student,low,1.6925968819326973,0.0,19.0,True
3087914,5,13,4.266666666666667,25.0,4.266666666666667,12.0,2.6875,5.0,2.35,3.25,0.0,1.0,2.0,1.0,5.0,6.0,4.0,5.0,3.0,1.0,0.0,0.0,0.0,17.0,189.0,20.73333333333333,8.0,0.0,17.0,14,11.0,2.591175096184453,0.691173335471408,16.308826664528592,targeted,True,0.0,3.0,student,low,1.6925968819326973,0.0,17.0,True
3097735344,5,13,3.571428571428572,19.0,3.571428571428572,11.0,2.4375,4.0,2.2777777777777777,2.642857142857143,0.0,1.0,2.0,3.0,3.0,2.0,3.0,5.0,3.0,3.0,0.0,0.0,0.0,16.0,189.0,15.428571428571429,3.0,0.0,16.0,14,5.0,2.589375658767545,0.6893738980544999,15.3106261019455,targeted,True,0.0,2.0,student,low,1.6925968819326973,0.0,16.0,True
185053555,5,13,4.803921568627451,22.0,4.803921568627451,14.0,2.90625,4.0,2.588235294117647,3.2666666666666666,1.0,1.0,1.0,0.0,4.0,1.0,8.0,4.0,4.0,3.0,0.0,0.0,0.0,20.0,189.0,17.19607843137255,2.0,0.0,20.0,14,8.0,2.587064994780778,0.687063234067733,19.312936765932267,targeted,True,0.0,6.0,student,low,1.6925968819326973,0.0,20.0,True
3153907904,5,13,3.768627450980392,19.0,3.768627450980392,11.0,2.84375,4.0,2.6,3.0588235294117645,0.0,0.0,0.0,5.0,5.0,6.0,2.0,6.0,4.0,1.0,0.0,0.0,0.0,15.0,189.0,15.231372549019609,4.0,0.0,15.0,14,5.0,2.586902048332016,0.6869002876189709,14.313099712381028,targeted,True,0.0,1.0,student,medium,2.5770600814168847,0.7391813244778369,14.260818675522163,True
4041253920,5,13,3.155844155844156,19.0,3.155844155844156,12.0,2.59375,5.0,2.2857142857142856,3.1818181818181817,0.0,1.0,0.0,5.0,2.0,5.0,6.0,5.0,3.0,3.0,0.0,0.0,0.0,15.0,189.0,15.844155844155845,4.0,0.0,15.0,14,5.0,2.586105496377074,0.6861037356640289,14.313896264335972,targeted,True,0.0,1.0,student,medium,2.5770600814168847,0.7391813244778369,14.260818675522163,True
1002086432,5,13,3.404858299595141,22.0,3.404858299595141,12.0,2.5625,4.0,2.210526315789474,3.076923076923077,0.0,1.0,0.0,4.0,4.0,7.0,5.0,4.0,5.0,4.0,0.0,0.0,0.0,16.0,189.0,18.59514170040486,6.0,0.0,16.0,14,8.0,2.5800272822679085,0.6800255215548634,15.319974478445136,targeted,True,0.0,2.0,student,medium,2.5770600814168847,0.7391813244778369,15.260818675522163,True
121075707,5,13,3.6406926406926408,22.0,3.6406926406926408,12.0,2.625,5.0,3.1818181818181817,2.333333333333333,1.0,0.0,1.0,0.0,4.0,7.0,4.0,6.0,2.0,1.0,0.0,0.0,0.0,17.0,189.0,18.35930735930736,5.0,0.0,17.0,14,8.0,2.579142755980101,0.6791409952670557,16.320859004732945,targeted,True,0.0,3.0,student,low,1.6925968819326973,0.0,17.0,True
4205575479,5,13,4.642512077294686,23.0,4.642512077294686,14.0,2.875,5.0,4.111111111111111,2.391304347826087,1.0,0.0,0.0,3.0,6.0,3.0,5.0,4.0,3.0,6.0,0.0,0.0,0.0,18.0,189.0,18.357487922705317,5.0,0.0,18.0,14,9.0,2.575475504965689,0.6754737442526442,17.324526255747354,targeted,True,0.0,4.0,student,medium,2.5770600814168847,0.7391813244778369,17.260818675522163,True
285348422,5,13,4.6875,25.0,4.6875,12.0,2.71875,4.0,2.2916666666666665,4.0,0.0,1.0,2.0,0.0,5.0,5.0,6.0,5.0,3.0,1.0,0.0,0.0,0.0,16.0,189.0,20.3125,9.0,0.0,16.0,14,11.0,2.56429897330152,0.6642972125884747,15.335702787411526,targeted,True,0.0,2.0,student,low,1.6925968819326973,0.0,16.0,True
3504137440,5,13,3.768627450980392,20.0,3.768627450980392,11.0,2.53125,4.0,2.5294117647058822,2.533333333333333,0.0,1.0,0.0,3.0,5.0,6.0,3.0,6.0,3.0,1.0,0.0,0.0,0.0,16.0,189.0,16.231372549019607,4.0,0.0,16.0,14,6.0,2.5556356352493053,0.6556338745362602,15.34436612546374,targeted,True,0.0,2.0,student,medium,2.5770600814168847,0.7391813244778369,15.260818675522163,True
35895978,5,13,2.951417004048583,23.0,2.951417004048583,11.0,2.4375,4.0,2.3684210526315788,2.5384615384615383,0.0,1.0,2.0,1.0,5.0,7.0,6.0,6.0,5.0,4.0,0.0,0.0,0.0,16.0,189.0,20.048582995951417,7.0,0.0,16.0,14,9.0,2.555482157837973,0.6554803971249279,15.344519602875073,targeted,True,0.0,2.0,student,low,1.6925968819326973,0.0,16.0,True
4194513407,5,13,4.959514170040486,25.0,4.959514170040486,11.0,2.84375,4.0,3.230769230769231,2.5789473684210527,1.0,0.0,0.0,2.0,5.0,3.0,3.0,5.0,4.0,5.0,0.0,0.0,0.0,16.0,189.0,20.040485829959515,9.0,0.0,16.0,14,11.0,2.554531007773519,0.654529247060474,15.345470752939526,targeted,True,0.0,2.0,student,medium,2.5770600814168847,0.7391813244778369,15.260818675522163,True
1208903694,5,13,4.714285714285714,24.0,4.714285714285714,12.0,2.6875,5.0,2.333333333333333,3.363636363636364,0.0,1.0,2.0,2.0,5.0,7.0,1.0,5.0,2.0,3.0,0.0,0.0,0.0,16.0,189.0,19.285714285714285,8.0,0.0,16.0,14,10.0,2.5442327252880403,0.6442309645749953,15.355769035425006,targeted,True,0.0,2.0,student,low,1.6925968819326973,0.0,16.0,True
876006592,5,13,5.5425101214574894,24.0,5.5425101214574894,11.0,2.84375,4.0,2.5789473684210527,3.230769230769231,0.0,1.0,0.0,4.0,5.0,8.0,5.0,5.0,4.0,1.0,0.0,0.0,0.0,15.0,189.0,18.45748987854251,9.0,0.0,15.0,14,10.0,2.53965736188005,0.6396556011670049,14.360344398832996,targeted,True,0.0,1.0,student,medium,2.5770600814168847,0.7391813244778369,14.260818675522163,True
566165664,5,13,3.155844155844156,26.0,3.155844155844156,12.0,2.5,4.0,2.142857142857143,3.1818181818181817,0.0,1.0,1.0,3.0,1.0,8.0,6.0,5.0,4.0,3.0,0.0,0.0,0.0,17.0,189.0,22.844155844155843,9.0,0.0,17.0,14,12.0,2.53810479744209,0.6381030367290448,16.361896963270954,targeted,True,0.0,3.0,student,low,1.6925968819326973,0.0,17.0,True
589464772,5,13,4.654545454545454,18.0,4.654545454545454,11.0,2.6875,4.0,2.272727272727273,3.6,0.0,1.0,1.0,1.0,4.0,5.0,5.0,3.0,4.0,1.0,0.0,0.0,0.0,16.0,189.0,13.345454545454546,2.0,0.0,16.0,14,4.0,2.5375173129502877,0.6375155522372422,15.362484447762755,targeted,True,0.0,2.0,student,low,1.6925968819326973,0.0,16.0,True
1406270463,5,13,3.0193236714975846,20.0,3.0193236714975846,12.0,2.5,4.0,3.555555555555556,2.0869565217391304,1.0,0.0,0.0,1.0,3.0,5.0,6.0,3.0,4.0,5.0,0.0,0.0,0.0,17.0,189.0,16.980676328502415,3.0,0.0,17.0,14,6.0,2.5359069064416286,0.6359051457285836,16.364094854271418,targeted,True,0.0,3.0,student,medium,2.5770600814168847,0.7391813244778369,16.260818675522163,True
137898664,5,13,3.5636363636363635,22.0,3.5636363636363635,12.0,2.71875,4.0,2.3181818181818183,3.6,0.0,1.0,0.0,1.0,4.0,5.0,7.0,3.0,3.0,0.0,0.0,0.0,0.0,15.0,189.0,18.43636363636364,7.0,0.0,15.0,14,8.0,2.534678622233736,0.6346768615206906,14.36532313847931,targeted,True,0.0,1.0,student,medium,2.5770600814168847,0.7391813244778369,14.260818675522163,True
1006586619,5,13,3.5217391304347827,21.0,3.5217391304347827,12.0,2.625,4.0,4.0,2.0869565217391304,1.0,0.0,2.0,2.0,6.0,6.0,6.0,4.0,3.0,2.0,0.0,0.0,0.0,18.0,189.0,17.47826086956522,3.0,0.0,18.0,14,7.0,2.528227692402119,0.6282259316890739,17.371774068310927,targeted,True,0.0,4.0,student,low,1.6925968819326973,0.0,18.0,True
81534972,5,13,3.768627450980392,24.0,3.768627450980392,12.0,2.78125,4.0,3.0,2.588235294117647,0.0,0.0,3.0,1.0,4.0,7.0,3.0,8.0,4.0,2.0,0.0,0.0,0.0,16.0,189.0,20.231372549019607,8.0,0.0,16.0,14,10.0,2.5272886255719107,0.6272868648588656,15.372713135141137,targeted,True,0.0,2.0,student,low,1.6925968819326973,0.0,16.0,True
16834315,5,13,2.705627705627706,22.0,2.705627705627706,13.0,2.4375,4.0,2.095238095238096,3.090909090909091,1.0,1.0,3.0,1.0,7.0,5.0,7.0,5.0,2.0,1.0,0.0,0.0,0.0,17.0,189.0,19.29437229437229,5.0,0.0,17.0,14,8.0,2.523261975470659,0.6232602147576141,16.376739785242385,targeted,True,0.0,3.0,student,low,1.6925968819326973,0.0,17.0,True
1460895250,5,13,4.0,25.0,4.0,12.0,2.875,4.0,2.625,3.125,0.0,0.0,3.0,1.0,6.0,7.0,4.0,4.0,3.0,2.0,0.0,0.0,0.0,17.0,189.0,21.0,8.0,0.0,17.0,14,11.0,2.522239785403888,0.622238024690843,16.377761975309156,targeted,True,0.0,3.0,student,low,1.6925968819326973,0.0,17.0,True
2829354112,5,13,4.06280193236715,23.0,4.06280193236715,12.0,2.59375,5.0,2.217391304347826,3.555555555555556,0.0,1.0,0.0,5.0,2.0,4.0,6.0,5.0,3.0,3.0,0.0,0.0,0.0,16.0,189.0,18.93719806763285,7.0,0.0,16.0,14,9.0,2.5220746448063744,0.6220728840933294,15.37792711590667,targeted,True,0.0,2.0,student,medium,2.5770600814168847,0.7391813244778369,15.260818675522163,True
4197599424,5,13,4.4089068825910935,19.0,4.4089068825910935,12.0,2.71875,4.0,2.3157894736842106,3.3076923076923075,0.0,1.0,0.0,5.0,3.0,4.0,3.0,4.0,3.0,2.0,0.0,0.0,0.0,16.0,189.0,14.591093117408906,3.0,0.0,16.0,14,5.0,2.5200448666085373,0.6200431058954923,15.379956894104508,targeted,True,0.0,2.0,student,medium,2.5770600814168847,0.7391813244778369,15.260818675522163,True
2711612895,5,13,5.254545454545455,23.0,5.254545454545455,12.0,2.875,4.0,4.0,2.363636363636364,1.0,0.0,0.0,1.0,3.0,2.0,6.0,4.0,3.0,1.0,0.0,0.0,0.0,18.0,189.0,17.745454545454546,5.0,0.0,18.0,14,9.0,2.519306005663049,0.6193042449500039,17.380695755049995,targeted,True,0.0,4.0,student,medium,2.5770600814168847,0.7391813244778369,17.260818675522163,True
118951160,5,13,5.142857142857143,26.0,5.142857142857143,12.0,2.90625,4.0,2.611111111111111,3.2857142857142856,0.0,1.0,2.0,0.0,4.0,5.0,6.0,6.0,4.0,0.0,0.0,0.0,0.0,16.0,189.0,20.857142857142858,10.0,0.0,16.0,14,12.0,2.513688175753958,0.6136864150409136,15.386313584959089,targeted,True,0.0,2.0,student,low,1.6925968819326973,0.0,16.0,True
2208138239,5,13,4.4089068825910935,20.0,4.4089068825910935,11.0,2.84375,4.0,3.230769230769231,2.5789473684210527,1.0,0.0,0.0,1.0,3.0,4.0,4.0,7.0,5.0,2.0,0.0,0.0,0.0,16.0,189.0,15.591093117408906,4.0,0.0,16.0,14,6.0,2.5003496203831936,0.6003478596701486,15.399652140329852,targeted,True,0.0,2.0,student,medium,2.5770600814168847,0.7391813244778369,15.260818675522163,True
196173695,5,13,4.266666666666667,22.0,4.266666666666667,12.0,2.75,4.0,3.25,2.45,1.0,0.0,0.0,0.0,2.0,3.0,6.0,5.0,3.0,2.0,0.0,0.0,0.0,17.0,189.0,17.733333333333334,5.0,0.0,17.0,14,8.0,2.4968448813822715,0.5968431206692264,16.403156879330773,targeted,True,0.0,3.0,student,medium,2.5770600814168847,0.7391813244778369,16.260818675522163,True
1162955354,5,13,4.959514170040486,21.0,4.959514170040486,10.0,2.75,4.0,2.421052631578948,3.230769230769231,0.0,1.0,3.0,1.0,3.0,5.0,5.0,6.0,5.0,5.0,0.0,0.0,0.0,15.0,189.0,16.040485829959515,6.0,0.0,15.0,14,7.0,1.5232988390975295,0.0,15.0,random_reference,True,0.0,1.0,student,low,1.6925968819326973,0.0,15.0,True
2949557243,5,13,3.5217391304347827,21.0,3.5217391304347827,11.0,2.6875,4.0,3.555555555555556,2.347826086956522,1.0,0.0,2.0,2.0,5.0,4.0,6.0,4.0,3.0,2.0,0.0,0.0,0.0,17.0,189.0,17.47826086956522,4.0,0.0,17.0,14,7.0,1.6288135187680908,0.0,17.0,random_reference,True,0.0,3.0,student,low,1.6925968819326973,0.0,17.0,True
3624393732,5,13,4.4089068825910935,22.0,4.4089068825910935,11.0,2.90625,4.0,2.631578947368421,3.3076923076923075,0.0,1.0,2.0,3.0,6.0,5.0,5.0,7.0,2.0,4.0,0.0,0.0,0.0,16.0,189.0,17.591093117408906,6.0,0.0,16.0,14,8.0,1.7354588990870186,0.0,16.0,random_reference,True,0.0,2.0,student,low,1.6925968819326973,0.0,16.0,True
3721418514,5,13,4.0,21.0,4.0,12.0,2.8125,4.0,3.0,2.625,0.0,0.0,3.0,3.0,5.0,3.0,5.0,5.0,4.0,3.0,0.0,0.0,0.0,16.0,189.0,17.0,5.0,0.0,16.0,14,7.0,1.9634121679479184,0.0634104072348733,15.936589592765127,random_reference,True,0.0,2.0,student,low,1.6925968819326973,0.0,16.0,True
13426705,5,13,4.642512077294686,22.0,4.642512077294686,10.0,2.65625,4.0,2.3043478260869565,3.555555555555556,1.0,1.0,4.0,2.0,5.0,3.0,5.0,2.0,5.0,4.0,0.0,0.0,0.0,14.0,189.0,17.357487922705314,8.0,0.0,14.0,14,8.0,1.1193809669369243,0.0,14.0,random_reference,True,0.0,0.0,student,low,1.6925968819326973,0.0,14.0,True
822003948,5,13,3.768627450980392,23.0,3.768627450980392,13.0,2.75,3.0,3.0,2.5294117647058822,0.0,0.0,1.0,4.0,4.0,8.0,7.0,3.0,2.0,3.0,0.0,0.0,0.0,16.0,189.0,19.231372549019607,7.0,0.0,16.0,14,9.0,1.5869880020701297,0.0,16.0,random_reference,True,0.0,2.0,student,low,1.6925968819326973,0.0,16.0,True
299032528,5,13,4.515625,27.0,4.515625,12.0,3.0625,5.0,3.0,3.125,0.0,0.0,2.0,2.0,3.0,6.0,4.0,4.0,1.0,2.0,0.0,0.0,0.0,17.0,189.0,22.484375,10.0,0.0,17.0,14,13.0,2.0214251181996565,0.1214233574866114,16.878576642513387,random_reference,True,0.0,3.0,student,low,1.6925968819326973,0.0,17.0,True
4279951358,5,13,3.571428571428572,21.0,3.571428571428572,11.0,2.5625,5.0,4.142857142857143,2.12,0.0,0.0,4.0,3.0,7.0,6.0,6.0,8.0,2.0,4.0,0.0,0.0,0.0,16.0,189.0,17.428571428571427,5.0,0.0,16.0,14,7.0,1.8357605157943775,0.0,16.0,random_reference,True,0.0,2.0,student,low,1.6925968819326973,0.0,16.0,True
2410401621,5,13,4.266666666666667,20.0,4.266666666666667,11.0,2.78125,4.0,3.083333333333333,2.6,1.0,0.0,1.0,2.0,5.0,4.0,7.0,3.0,3.0,2.0,0.0,0.0,0.0,16.0,189.0,15.733333333333334,4.0,0.0,16.0,14,6.0,1.3411609804899536,0.0,16.0,random_reference,True,0.0,2.0,student,low,1.6925968819326973,0.0,16.0,True
4227320562,5,13,3.5217391304347827,21.0,3.5217391304347827,11.0,2.59375,4.0,3.555555555555556,2.217391304347826,0.0,0.0,3.0,3.0,5.0,6.0,6.0,7.0,3.0,4.0,0.0,0.0,0.0,15.0,189.0,17.47826086956522,6.0,0.0,15.0,14,7.0,1.8393141744985888,0.0,15.0,random_reference,True,0.0,1.0,student,low,1.6925968819326973,0.0,15.0,True
3465183434,5,13,3.404858299595141,20.0,3.404858299595141,11.0,2.65625,4.0,2.3684210526315788,3.076923076923077,0.0,1.0,1.0,3.0,3.0,3.0,5.0,3.0,6.0,2.0,0.0,0.0,0.0,16.0,189.0,16.59514170040486,4.0,0.0,16.0,14,6.0,1.4811787817658388,0.0,16.0,random_reference,True,0.0,2.0,student,low,1.6925968819326973,0.0,16.0,True
2010706888,5,13,4.4089068825910935,19.0,4.4089068825910935,11.0,2.875,4.0,3.3076923076923075,2.5789473684210527,0.0,0.0,1.0,4.0,4.0,8.0,6.0,3.0,5.0,2.0,0.0,0.0,0.0,16.0,189.0,14.591093117408906,3.0,0.0,16.0,14,5.0,1.5800939996212606,0.0,16.0,random_reference,True,0.0,2.0,student,low,1.6925968819326973,0.0,16.0,True
4042979595,5,13,4.4089068825910935,22.0,4.4089068825910935,10.0,2.75,4.0,3.076923076923077,2.526315789473684,1.0,0.0,3.0,4.0,6.0,3.0,7.0,2.0,4.0,3.0,0.0,0.0,0.0,15.0,189.0,17.591093117408906,7.0,0.0,15.0,14,8.0,1.0486250412918152,0.0,15.0,random_reference,True,0.0,1.0,student,low,1.6925968819326973,0.0,15.0,True
1596340006,5,13,4.270588235294118,23.0,4.270588235294118,12.0,3.03125,4.0,3.066666666666667,3.0,0.0,0.0,3.0,2.0,3.0,7.0,2.0,6.0,4.0,3.0,0.0,0.0,0.0,18.0,189.0,18.729411764705883,5.0,0.0,18.0,14,9.0,2.224764274065022,0.3247625133519776,17.675237486648022,random_reference,True,0.0,4.0,student,low,1.6925968819326973,0.0,18.0,True
2915949837,5,13,3.890688259109312,23.0,3.890688259109312,11.0,2.71875,4.0,3.1538461538461537,2.421052631578948,1.0,0.0,2.0,3.0,3.0,3.0,4.0,5.0,3.0,3.0,0.0,0.0,0.0,16.0,189.0,19.10931174089069,7.0,0.0,16.0,14,9.0,1.7172817455445075,0.0,16.0,random_reference,True,0.0,2.0,student,low,1.6925968819326973,0.0,16.0,True
578228786,5,13,3.404858299595141,21.0,3.404858299595141,10.0,2.625,4.0,2.3157894736842106,3.076923076923077,0.0,1.0,3.0,3.0,6.0,7.0,5.0,7.0,4.0,3.0,0.0,0.0,0.0,16.0,189.0,17.59514170040486,5.0,0.0,16.0,14,7.0,1.464549290231358,0.0,16.0,random_reference,True,0.0,2.0,student,low,1.6925968819326973,0.0,16.0,True
1089733892,5,13,3.5217391304347827,23.0,3.5217391304347827,10.0,2.59375,4.0,2.217391304347826,3.555555555555556,0.0,1.0,2.0,3.0,7.0,6.0,5.0,6.0,4.0,4.0,0.0,0.0,0.0,15.0,189.0,19.47826086956522,8.0,0.0,15.0,14,9.0,1.4071734884696212,0.0,15.0,random_reference,True,0.0,1.0,student,low,1.6925968819326973,0.0,15.0,True
4272881908,5,13,4.063492063492063,21.0,4.063492063492063,11.0,2.625,4.0,2.642857142857143,2.611111111111111,0.0,0.0,3.0,4.0,6.0,3.0,8.0,3.0,2.0,4.0,0.0,0.0,0.0,16.0,189.0,16.936507936507937,5.0,0.0,16.0,14,7.0,1.369633414019309,0.0,16.0,random_reference,True,0.0,2.0,student,low,1.6925968819326973,0.0,16.0,True
1426141472,5,13,3.0193236714975846,20.0,3.0193236714975846,10.0,2.46875,4.0,2.130434782608696,3.333333333333333,0.0,1.0,2.0,3.0,7.0,5.0,6.0,5.0,3.0,4.0,0.0,0.0,0.0,15.0,189.0,16.980676328502415,5.0,0.0,15.0,14,6.0,1.5269048300987726,0.0,15.0,random_reference,True,0.0,1.0,student,low,1.6925968819326973,0.0,15.0,True
1895006191,5,13,3.5217391304347827,21.0,3.5217391304347827,11.0,2.875,5.0,3.4444444444444446,2.652173913043478,1.0,0.0,1.0,1.0,6.0,7.0,5.0,5.0,3.0,3.0,0.0,0.0,0.0,15.0,189.0,17.47826086956522,6.0,0.0,15.0,14,7.0,1.881392331555963,0.0,15.0,random_reference,True,0.0,1.0,student,low,1.6925968819326973,0.0,15.0,True
3850413066,5,13,5.303030303030303,30.0,5.303030303030303,14.0,2.96875,4.0,2.619047619047619,3.636363636363636,0.0,1.0,1.0,5.0,5.0,3.0,5.0,5.0,4.0,4.0,0.0,0.0,0.0,17.0,189.0,24.696969696969692,13.0,0.0,17.0,14,16.0,1.5623626595392908,0.0,17.0,random_reference,True,0.0,3.0,student,low,1.6925968819326973,0.0,17.0,True
705586690,5,13,4.16017316017316,24.0,4.16017316017316,11.0,2.65625,4.0,2.333333333333333,3.272727272727273,0.0,1.0,1.0,3.0,4.0,6.0,4.0,5.0,3.0,3.0,0.0,0.0,0.0,17.0,189.0,19.83982683982684,7.0,0.0,17.0,14,10.0,1.7918617142257205,0.0,17.0,random_reference,True,0.0,3.0,student,low,1.6925968819326973,0.0,17.0,True
4284542066,5,13,4.4089068825910935,26.0,4.4089068825910935,13.0,2.8125,4.0,3.3076923076923075,2.473684210526316,0.0,0.0,2.0,5.0,8.0,7.0,6.0,5.0,5.0,3.0,0.0,0.0,0.0,16.0,189.0,21.591093117408903,10.0,0.0,16.0,14,12.0,2.0103498987151105,0.1103481380020654,15.889651861997937,random_reference,True,0.0,2.0,student,low,1.6925968819326973,0.0,16.0,True
2930064944,5,13,5.0625,22.0,5.0625,10.0,3.125,4.0,3.125,3.125,0.0,0.0,2.0,3.0,5.0,5.0,6.0,5.0,2.0,1.0,0.0,0.0,0.0,15.0,189.0,16.9375,7.0,0.0,15.0,14,8.0,1.1791080961378548,0.0,15.0,random_reference,True,0.0,1.0,student,low,1.6925968819326973,0.0,15.0,True
3585311616,5,13,4.587301587301587,19.0,4.587301587301587,11.0,3.125,4.0,3.111111111111111,3.142857142857143,0.0,1.0,2.0,3.0,4.0,5.0,4.0,4.0,1.0,1.0,0.0,0.0,0.0,17.0,189.0,14.412698412698411,2.0,0.0,17.0,14,5.0,2.178375898221597,0.2783741375085524,16.721625862491447,random_reference,True,0.0,3.0,student,low,1.6925968819326973,0.0,17.0,True
4030070276,5,13,4.0,21.0,4.0,11.0,2.875,4.0,3.0625,2.6875,0.0,0.0,2.0,2.0,7.0,5.0,4.0,6.0,2.0,1.0,0.0,0.0,0.0,16.0,189.0,17.0,5.0,0.0,16.0,14,7.0,1.8251697264662696,0.0,16.0,random_reference,True,0.0,2.0,student,low,1.6925968819326973,0.0,16.0,True
1358714590,5,13,4.063492063492063,21.0,4.063492063492063,12.0,2.65625,4.0,3.071428571428572,2.333333333333333,0.0,0.0,3.0,2.0,3.0,6.0,3.0,4.0,3.0,2.0,0.0,0.0,0.0,17.0,189.0,16.936507936507937,4.0,0.0,17.0,14,7.0,2.4082000264301198,0.5081982657170743,16.491801734282927,random_reference,True,0.0,3.0,student,low,1.6925968819326973,0.0,17.0,True
1136917192,5,13,5.0625,24.0,5.0625,12.0,3.03125,4.0,3.0625,3.0,0.0,0.0,1.0,4.0,6.0,6.0,8.0,3.0,5.0,0.0,0.0,0.0,0.0,15.0,189.0,18.9375,9.0,0.0,15.0,14,10.0,1.5224816918662667,0.0,15.0,random_reference,True,0.0,1.0,student,low,1.6925968819326973,0.0,15.0,True
4277854277,5,13,4.4089068825910935,22.0,4.4089068825910935,12.0,2.84375,4.0,3.3846153846153846,2.473684210526316,1.0,0.0,4.0,5.0,5.0,3.0,5.0,3.0,4.0,3.0,0.0,0.0,0.0,16.0,189.0,17.591093117408906,6.0,0.0,16.0,14,8.0,1.3956034139925513,0.0,16.0,random_reference,True,0.0,2.0,student,low,1.6925968819326973,0.0,16.0,True
3722104138,5,13,4.4089068825910935,23.0,4.4089068825910935,11.0,2.78125,4.0,3.076923076923077,2.5789473684210527,0.0,0.0,2.0,3.0,4.0,6.0,4.0,3.0,1.0,4.0,0.0,0.0,0.0,15.0,189.0,18.591093117408903,8.0,0.0,15.0,14,9.0,1.3125540433760914,0.0,15.0,random_reference,True,0.0,1.0,student,low,1.6925968819326973,0.0,15.0,True
3953246371,5,13,4.803921568627451,25.0,4.803921568627451,13.0,3.15625,4.0,3.0588235294117645,3.2666666666666666,1.0,1.0,3.0,4.0,6.0,3.0,6.0,4.0,3.0,4.0,0.0,0.0,0.0,17.0,189.0,20.19607843137255,8.0,0.0,17.0,14,11.0,1.6370460383426,0.0,17.0,random_reference,True,0.0,3.0,student,low,1.6925968819326973,0.0,17.0,True
213399720,5,13,4.266666666666667,23.0,4.266666666666667,12.0,2.875,4.0,2.6,3.333333333333333,0.0,1.0,0.0,3.0,4.0,6.0,6.0,1.0,4.0,1.0,0.0,0.0,0.0,16.0,189.0,18.73333333333333,7.0,0.0,16.0,14,9.0,1.6744227130292744,0.0,16.0,random_reference,True,0.0,2.0,student,medium,2.5770600814168847,0.7391813244778369,15.260818675522163,True
124128160,5,13,5.4,20.0,5.4,13.0,3.0,4.0,2.6,3.6666666666666665,0.0,1.0,1.0,2.0,5.0,7.0,5.0,3.0,3.0,1.0,0.0,0.0,0.0,19.0,189.0,14.6,1.0,0.0,19.0,14,6.0,2.3280951487261365,0.4280933880130915,18.571906611986908,random_reference,True,0.0,5.0,student,medium,2.4755781732457605,0.6376994163067127,18.362300583693287,True
4292794496,5,13,3.404858299595141,22.0,3.404858299595141,13.0,2.6875,4.0,3.1538461538461537,2.3684210526315788,0.0,0.0,0.0,5.0,5.0,7.0,7.0,3.0,5.0,2.0,0.0,0.0,0.0,16.0,189.0,18.59514170040486,6.0,0.0,16.0,14,8.0,2.385213111310433,0.485211350597388,15.514788649402613,random_reference,True,0.0,2.0,student,medium,2.5770600814168847,0.7391813244778369,15.260818675522163,True
64172276,5,13,4.587301587301587,23.0,4.587301587301587,11.0,2.8125,4.0,2.611111111111111,3.071428571428572,0.0,1.0,3.0,1.0,4.0,4.0,6.0,4.0,3.0,2.0,0.0,0.0,0.0,16.0,189.0,18.41269841269841,7.0,0.0,16.0,14,9.0,2.071469026671442,0.1714672659583969,15.828532734041604,random_reference,True,0.0,2.0,student,low,1.6925968819326973,0.0,16.0,True
3493707776,5,13,4.090909090909091,21.0,4.090909090909091,11.0,2.625,4.0,2.1818181818181817,3.6,0.0,1.0,1.0,3.0,2.0,3.0,6.0,3.0,2.0,2.0,0.0,0.0,0.0,16.0,189.0,16.90909090909091,5.0,0.0,16.0,14,7.0,1.653796337436383,0.0,16.0,random_reference,True,0.0,2.0,student,low,1.6925968819326973,0.0,16.0,True
285997579,5,13,4.063492063492063,22.0,4.063492063492063,10.0,2.84375,4.0,2.611111111111111,3.142857142857143,1.0,1.0,3.0,2.0,5.0,6.0,6.0,2.0,3.0,0.0,0.0,0.0,0.0,15.0,189.0,17.936507936507937,7.0,0.0,15.0,14,8.0,1.5531043580686497,0.0,15.0,random_reference,True,0.0,1.0,student,low,1.6925968819326973,0.0,15.0,True
720056299,5,13,3.75,19.0,3.75,9.0,2.625,4.0,3.1666666666666665,2.3,1.0,0.0,2.0,1.0,4.0,4.0,3.0,2.0,2.0,1.0,0.0,0.0,0.0,15.0,189.0,15.25,4.0,0.0,15.0,14,5.0,1.6335626164417558,0.0,15.0,random_reference,True,0.0,1.0,student,low,1.6925968819326973,0.0,15.0,True
840301109,5,13,4.515625,22.0,4.515625,13.0,3.0,3.0,3.0,3.0,1.0,0.0,2.0,2.0,3.0,5.0,2.0,2.0,4.0,2.0,0.0,0.0,0.0,15.0,189.0,17.484375,7.0,0.0,15.0,14,8.0,1.348760934215407,0.0,15.0,random_reference,True,0.0,1.0,student,low,1.6925968819326973,0.0,15.0,True
1423728270,5,13,4.270588235294118,22.0,4.270588235294118,12.0,3.0625,4.0,3.1333333333333333,3.0,0.0,0.0,2.0,1.0,6.0,7.0,3.0,4.0,5.0,4.0,0.0,0.0,0.0,15.0,189.0,17.729411764705883,7.0,0.0,15.0,14,8.0,2.061866860391934,0.1618650996788888,14.838134900321112,random_reference,True,0.0,1.0,student,low,1.6925968819326973,0.0,15.0,True
