feature,status,family,language,distinct_values,pearson_r,spearman_rho,eta_squared,adjusted_eta_squared,expected_null_eta_squared,conditional_ceiling_gain
bias,used,output balance,NAND,17,-0.26924640405216804,-0.2771959249874939,0.08829069369688579,0.08806805066355428,0.00024414435034714275,0.0
bias,used,output balance,NOR,17,0.26924640405216804,0.2771959249874939,0.08829069369688579,0.08806805066355428,0.00024414435034714275,0.0
bias,used,output balance,AND_OR_NOT,17,0.0,0.0,0.06590474631252165,0.065676636541936,0.00024414435034714275,0.0
influence_0,used,influence,NAND,9,0.6589623758964056,0.6263077356285874,0.4413964488329199,0.44132825055725733,0.00012207217517357137,0.0
influence_0,used,influence,NOR,9,0.6589623758964056,0.6263077356285874,0.4413964488329199,0.44132825055725733,0.00012207217517357137,0.0
influence_0,used,influence,AND_OR_NOT,9,0.7220219478758477,0.6903877204319725,0.525740703219116,0.525682802287069,0.00012207217517357137,0.0
influence_1,used,influence,NAND,9,0.6340988981942358,0.6187612821539447,0.4059184356418551,0.4058459059592071,0.00012207217517357137,0.0
influence_1,used,influence,NOR,9,0.6340988981942358,0.6187612821539447,0.4059184356418551,0.4058459059592071,0.00012207217517357137,0.0
influence_1,used,influence,AND_OR_NOT,9,0.6997220954795642,0.6807970548735935,0.49451193392291737,0.4944502203616584,0.00012207217517357137,0.0
influence_2,used,influence,NAND,9,0.4855011159579058,0.4596232503590686,0.2386991986127566,0.23860625362197263,0.00012207217517357137,0.0
influence_2,used,influence,NOR,9,0.4855011159579058,0.4596232503590686,0.2386991986127566,0.23860625362197263,0.00012207217517357137,0.0
influence_2,used,influence,AND_OR_NOT,9,0.5222234165592876,0.49723454687426694,0.28345835841311023,0.28337087793738736,0.00012207217517357137,0.0
influence_3,used,influence,NAND,9,0.3167547776233063,0.30969905125862407,0.1026206705173221,0.10251111209658159,0.00012207217517357137,0.0
influence_3,used,influence,NOR,9,0.3167547776233063,0.30969905125862407,0.1026206705173221,0.10251111209658159,0.00012207217517357137,0.0
influence_3,used,influence,AND_OR_NOT,9,0.3817235631435058,0.369930035809179,0.15443528245542654,0.15433204992928673,0.00012207217517357137,0.0
fourier_energy_degree_0,used,Fourier magnitude,NAND,9,-0.11288296455642727,-0.07763637617667878,0.013188791633906396,0.013068314736338515,0.00012207217517357137,0.0
fourier_energy_degree_0,used,Fourier magnitude,NOR,9,-0.11288296455642727,-0.07763637617667878,0.013188791633906396,0.013068314736338515,0.00012207217517357137,0.0
fourier_energy_degree_0,used,Fourier magnitude,AND_OR_NOT,9,-0.2559848796713036,-0.19217784023133744,0.06590474631252165,0.0657907053518566,0.00012207217517357137,0.0
fourier_energy_degree_1,used,Fourier magnitude,NAND,15,-0.5064873754926136,-0.4666910357585467,0.2636582089705094,0.26350087338231,0.0002136263065537499,0.0
fourier_energy_degree_1,used,Fourier magnitude,NOR,15,-0.5064873754926136,-0.4666910357585467,0.2636582089705094,0.26350087338231,0.0002136263065537499,0.0
fourier_energy_degree_1,used,Fourier magnitude,AND_OR_NOT,15,-0.4943085892575934,-0.45368667378217176,0.25207455065745143,0.25191473996636315,0.0002136263065537499,0.0
fourier_energy_degree_2,used,Fourier magnitude,NAND,19,-0.2434980203942832,-0.24122045362532707,0.07144674524702796,0.07119163651821625,0.0002746623941405356,0.0
fourier_energy_degree_2,used,Fourier magnitude,NOR,19,-0.2434980203942832,-0.24122045362532707,0.07144674524702796,0.07119163651821625,0.0002746623941405356,0.0
fourier_energy_degree_2,used,Fourier magnitude,AND_OR_NOT,19,-0.2268350377199603,-0.23741174257067899,0.05795635267026227,0.05769753761994045,0.0002746623941405356,0.0
fourier_energy_degree_3,used,Fourier magnitude,NAND,15,0.527532611378684,0.5501909184088566,0.28400552616756036,0.2838525382303546,0.0002136263065537499,0.0
fourier_energy_degree_3,used,Fourier magnitude,NOR,15,0.527532611378684,0.5501909184088566,0.28400552616756036,0.2838525382303546,0.0002136263065537499,0.0
fourier_energy_degree_3,used,Fourier magnitude,AND_OR_NOT,15,0.5767411688552033,0.5996209675672854,0.3401858167577402,0.3400448329729171,0.0002136263065537499,0.0
fourier_energy_degree_4,used,Fourier magnitude,NAND,9,0.5622321429099763,0.4740362374337555,0.32157865249191947,0.3214958260115365,0.00012207217517357137,0.0
fourier_energy_degree_4,used,Fourier magnitude,NOR,9,0.5622321429099763,0.4740362374337555,0.32157865249191947,0.3214958260115365,0.00012207217517357137,0.0
fourier_energy_degree_4,used,Fourier magnitude,AND_OR_NOT,9,0.5621950738784899,0.4725124233474068,0.32165832263265426,0.3215755058789659,0.00012207217517357137,0.0
algebraic_degree,used,ANF,NAND,5,0.006832605503163155,-0.0005937370789582688,0.0013751156429209293,0.00131415976650473,6.103608758678569e-05,0.0
algebraic_degree,used,ANF,NOR,5,0.006832605503163155,-0.0005937370789582688,0.0013751156429209293,0.00131415976650473,6.103608758678569e-05,0.0
algebraic_degree,used,ANF,AND_OR_NOT,5,0.003310221136406892,-0.002669647270804974,0.0015664125586322378,0.001505468358944051,6.103608758678569e-05,0.0
input_symmetries,used,symmetry,NAND,6,0.12039132193536668,0.11382877072942187,0.0181900554750108,0.018115142462304834,7.629510948348211e-05,0.0
input_symmetries,used,symmetry,NOR,6,0.12039132193536668,0.11382877072942187,0.0181900554750108,0.018115142462304834,7.629510948348211e-05,0.0
input_symmetries,used,symmetry,AND_OR_NOT,6,0.012716491485476834,-0.0021370322548162316,0.0019646010859393002,0.0018884500559596118,7.629510948348211e-05,0.0
anf_terms_degree_0,new,ANF support,NAND,2,-0.040599281940943935,-0.037044822383245204,0.0016483016941202557,0.0016330675912376025,1.5259021896696422e-05,0.017973730754917483
anf_terms_degree_0,new,ANF support,NOR,2,0.08555019480842012,0.08430521276595693,0.007318835831758633,0.0073036882570010064,1.5259021896696422e-05,0.01653633184571701
anf_terms_degree_0,new,ANF support,AND_OR_NOT,2,0.09594607164371015,0.09503906815034194,0.00920564866385996,0.009190529880459986,1.5259021896696422e-05,0.016062176870980327
fourier_l1_degree_0,new,Fourier shape,NAND,9,-0.09958789536318591,-0.07763637617667878,0.013188791633906396,0.013068314736338515,0.00012207217517357137,0.0
fourier_l1_degree_0,new,Fourier shape,NOR,9,-0.09958789536318591,-0.07763637617667878,0.013188791633906396,0.013068314736338515,0.00012207217517357137,0.0
fourier_l1_degree_0,new,Fourier shape,AND_OR_NOT,9,-0.23250249084091365,-0.19217784023133744,0.06590474631252165,0.0657907053518566,0.00012207217517357137,0.0
fourier_negative_degree_0,new,Fourier phase,NAND,2,0.21945610301248433,0.22378756759630483,0.04816098114942619,0.04814645679536811,1.5259021896696422e-05,0.0
fourier_negative_degree_0,new,Fourier phase,NOR,2,-0.24723165412222187,-0.2497092781974453,0.06112349080000992,0.06110916424418855,1.5259021896696422e-05,0.0
fourier_negative_degree_0,new,Fourier phase,AND_OR_NOT,2,-0.03606814708630429,-0.034470746684820204,0.0013009112342392778,0.0012856718304371517,1.5259021896696422e-05,0.0
fourier_zero_degree_0,new,Fourier shape,NAND,2,0.03427820445000591,0.03199035339278189,0.0011749953003164066,0.001159753975131017,1.5259021896696422e-05,0.0
fourier_zero_degree_0,new,Fourier shape,NOR,2,0.03427820445000591,0.03199035339278189,0.0011749953003164066,0.001159753975131017,1.5259021896696422e-05,0.0
fourier_zero_degree_0,new,Fourier shape,AND_OR_NOT,2,0.08902443123973049,0.08508168192510775,0.007925349357557523,0.007910211037744252,1.5259021896696422e-05,0.0
anf_terms_degree_1,new,ANF support,NAND,5,0.44660166537439755,0.42365744910730174,0.2327370062471046,0.23269017265727665,6.103608758678569e-05,0.05782951340213671
anf_terms_degree_1,new,ANF support,NOR,5,0.16813554217238968,0.16535964717543108,0.04042290847806153,0.04036433607162648,6.103608758678569e-05,0.044766904347695924
anf_terms_degree_1,new,ANF support,AND_OR_NOT,5,0.3550660532166403,0.34109390377894094,0.13074373530724248,0.13069067606720686,6.103608758678569e-05,0.0187762835337576
fourier_l1_degree_1,new,Fourier shape,NAND,7,-0.45056172699036123,-0.4387133196670213,0.22529333564768478,0.2252224015576465,9.155413138017853e-05,0.0005702376867365855
fourier_l1_degree_1,new,Fourier shape,NOR,7,-0.45056172699036123,-0.4387133196670213,0.22529333564768478,0.2252224015576465,9.155413138017853e-05,0.0005702376867365855
fourier_l1_degree_1,new,Fourier shape,AND_OR_NOT,7,-0.4383031129999625,-0.4254214299077866,0.21197096582182448,0.21189881190210857,9.155413138017853e-05,0.0011889131208940862
fourier_negative_degree_1,new,Fourier phase,NAND,5,-0.10606321870567892,-0.10825471972037813,0.012613287834113205,0.012553017933628507,6.103608758678569e-05,0.03596918454497966
fourier_negative_degree_1,new,Fourier phase,NOR,5,-0.10606321870567892,-0.10825471972037813,0.012613287834113205,0.012553017933628507,6.103608758678569e-05,0.03596918454497966
fourier_negative_degree_1,new,Fourier phase,AND_OR_NOT,5,-0.1331866335184653,-0.13091431477472462,0.017789354535591554,0.01772940058125161,6.103608758678569e-05,0.0200986357062094
fourier_zero_degree_1,new,Fourier shape,NAND,5,0.1184124563035183,0.09188136519061457,0.02538633073466003,0.025326840498328118,6.103608758678569e-05,0.0
fourier_zero_degree_1,new,Fourier shape,NOR,5,0.1184124563035183,0.09188136519061457,0.02538633073466003,0.025326840498328118,6.103608758678569e-05,0.0
fourier_zero_degree_1,new,Fourier shape,AND_OR_NOT,5,0.12090053357511639,0.09324430034074949,0.02494608048336237,0.024886563374237336,6.103608758678569e-05,0.0
anf_terms_degree_2,new,ANF support,NAND,7,0.14925328144358688,0.16038406527068916,0.022518319719394782,0.022428819039059578,9.155413138017853e-05,0.0399192999657747
anf_terms_degree_2,new,ANF support,NOR,7,0.06978896961551487,0.06777126216099033,0.0049596541605871685,0.00486854576468565,9.155413138017853e-05,0.03695407113119009
anf_terms_degree_2,new,ANF support,AND_OR_NOT,7,0.14074741374914415,0.13722896540291427,0.020688178240080957,0.020598509987390323,9.155413138017853e-05,0.022127482930569098
fourier_l1_degree_2,new,Fourier shape,NAND,8,-0.1797240621928805,-0.1867284695181091,0.035683104515933026,0.03558009178445354,0.00010681315327687495,0.0001730944883523433
fourier_l1_degree_2,new,Fourier shape,NOR,8,-0.1797240621928805,-0.1867284695181091,0.035683104515933026,0.03558009178445354,0.00010681315327687495,0.0001730944883523433
fourier_l1_degree_2,new,Fourier shape,AND_OR_NOT,8,-0.1574023896054956,-0.17511240081472662,0.028461375586808522,0.028357591397288107,0.00010681315327687495,0.0004907838500131101
fourier_negative_degree_2,new,Fourier phase,NAND,7,-0.022373954966706636,-0.024106875106464816,0.0010678356415190664,0.0009763709009286137,9.155413138017853e-05,0.011568856301611197
fourier_negative_degree_2,new,Fourier phase,NOR,7,-0.0010917195184837495,-0.001397687583375914,0.00043253103069511637,0.00034100812001713887,9.155413138017853e-05,0.011568856301611197
fourier_negative_degree_2,new,Fourier phase,AND_OR_NOT,7,-0.0087924778517223,-0.006674690423681515,0.0015051975693684404,0.0014137728747356526,9.155413138017853e-05,0.02495452547748278
fourier_zero_degree_2,new,Fourier shape,NAND,7,0.021544236671401908,0.012592547382772747,0.0077702076196107936,0.007679356565050477,9.155413138017853e-05,0.0
fourier_zero_degree_2,new,Fourier shape,NOR,7,0.021544236671401908,0.012592547382772747,0.0077702076196107936,0.007679356565050477,9.155413138017853e-05,0.0
fourier_zero_degree_2,new,Fourier shape,AND_OR_NOT,7,0.016145048281916263,0.010596108216763189,0.005457287014445725,0.0053662241830594315,9.155413138017853e-05,0.0
anf_terms_degree_3,new,ANF support,NAND,5,0.01979752970971824,-0.0006568217511554538,0.0004218679639062293,0.000360853901429814,6.103608758678569e-05,0.01611562139435796
anf_terms_degree_3,new,ANF support,NOR,5,0.004992420535494165,-0.000893008150836423,4.3054001284703035e-05,-1.7983183925318613e-05,6.103608758678569e-05,0.01611562139435796
anf_terms_degree_3,new,ANF support,AND_OR_NOT,5,0.009791371569109093,-0.008063564707433607,0.0001611705776055404,0.00010014060220930876,6.103608758678569e-05,0.009837573806863897
fourier_l1_degree_3,new,Fourier shape,NAND,7,0.5164996147019322,0.5345490031292677,0.27500617797373383,0.2749397957165324,9.155413138017853e-05,0.0002188034225060198
fourier_l1_degree_3,new,Fourier shape,NOR,7,0.5164996147019322,0.5345490031292677,0.27500617797373383,0.2749397957165324,9.155413138017853e-05,0.0002188034225060198
fourier_l1_degree_3,new,Fourier shape,AND_OR_NOT,7,0.5672649981334963,0.5846088162522223,0.33076632521877103,0.33070504850084936,9.155413138017853e-05,0.0002719442110173942
fourier_negative_degree_3,new,Fourier phase,NAND,5,0.09597394923144041,0.09562059631199699,0.009543041204707661,0.00948258389694212,6.103608758678569e-05,0.03645459843915566
fourier_negative_degree_3,new,Fourier phase,NOR,5,0.09597394923144041,0.09562059631199699,0.009543041204707661,0.00948258389694212,6.103608758678569e-05,0.03645459843915566
fourier_negative_degree_3,new,Fourier phase,AND_OR_NOT,5,0.02100116460552043,0.02278698083327554,0.005663711485231941,0.005603017383905007,6.103608758678569e-05,0.019269767730811016
fourier_zero_degree_3,new,Fourier shape,NAND,5,-0.1724389100419319,-0.1349504781023359,0.05021922978910396,0.05016125534829219,6.103608758678569e-05,0.0
fourier_zero_degree_3,new,Fourier shape,NOR,5,-0.1724389100419319,-0.1349504781023359,0.05021922978910396,0.05016125534829219,6.103608758678569e-05,0.0
fourier_zero_degree_3,new,Fourier shape,AND_OR_NOT,5,-0.1881036620846267,-0.14577436237987895,0.06463499629854717,0.06457790179343048,6.103608758678569e-05,0.0
anf_terms_degree_4,new,ANF support,NAND,2,0.0022284175953450965,0.0008890020638084171,4.9658449792436225e-06,-1.029333398383514e-05,1.5259021896696422e-05,0.0
anf_terms_degree_4,new,ANF support,NOR,2,0.0022284175953450965,0.0008890020638084171,4.9658449792436225e-06,-1.029333398383514e-05,1.5259021896696422e-05,0.0
anf_terms_degree_4,new,ANF support,AND_OR_NOT,2,-0.002857768735481601,-0.0010346469726211127,8.166842145496109e-06,-7.092287972687572e-06,1.5259021896696422e-05,0.0
fourier_l1_degree_4,new,Fourier shape,NAND,9,0.5447745719752698,0.4740362374337555,0.32157865249191947,0.3214958260115365,0.00012207217517357137,0.0
fourier_l1_degree_4,new,Fourier shape,NOR,9,0.5447745719752698,0.4740362374337555,0.32157865249191947,0.3214958260115365,0.00012207217517357137,0.0
fourier_l1_degree_4,new,Fourier shape,AND_OR_NOT,9,0.5415795550443079,0.4725124233474068,0.32165832263265426,0.3215755058789659,0.00012207217517357137,0.0
fourier_negative_degree_4,new,Fourier phase,NAND,2,0.10634923448148796,0.10053224124773265,0.011310159674798505,0.011295073004668144,1.5259021896696422e-05,0.0022863261807040125
fourier_negative_degree_4,new,Fourier phase,NOR,2,0.08482225458773933,0.08443962205182558,0.0071948148733472685,0.007179665406122138,1.5259021896696422e-05,0.0022863261807040125
fourier_negative_degree_4,new,Fourier phase,AND_OR_NOT,2,0.09150187218057478,0.08824505433613616,0.00837259261255028,0.008357461117335707,1.5259021896696422e-05,0.005046387595149637
fourier_zero_degree_4,new,Fourier shape,NAND,2,-0.2359274659011067,-0.2282764191655573,0.05566176916651784,0.05564735926889475,1.5259021896696422e-05,0.0
fourier_zero_degree_4,new,Fourier shape,NOR,2,-0.2359274659011067,-0.2282764191655573,0.05566176916651784,0.05564735926889475,1.5259021896696422e-05,0.0
fourier_zero_degree_4,new,Fourier shape,AND_OR_NOT,2,-0.22584753546542258,-0.2178089646023619,0.05100710927580531,0.05099262835154128,1.5259021896696422e-05,0.0
sensitivity_variance,new,local sensitivity,NAND,17,0.3748091726671065,0.35652851945904723,0.1434913349699525,0.14328217215244177,0.00024414435034714275,0.0
sensitivity_variance,new,local sensitivity,NOR,17,0.3748091726671065,0.35652851945904723,0.1434913349699525,0.14328217215244177,0.00024414435034714275,0.0
sensitivity_variance,new,local sensitivity,AND_OR_NOT,17,0.3084276275535526,0.29396266105442903,0.10173795723249378,0.10151859807432173,0.00024414435034714275,0.0
maximum_local_sensitivity,new,local sensitivity,NAND,5,0.6199609260584823,0.6248779198339881,0.38571909983138514,0.38568160423997533,6.103608758678569e-05,0.004663722438222884
maximum_local_sensitivity,new,local sensitivity,NOR,5,0.6199609260584823,0.6248779198339881,0.38571909983138514,0.38568160423997533,6.103608758678569e-05,0.004663722438222773
maximum_local_sensitivity,new,local sensitivity,AND_OR_NOT,5,0.6035496734949227,0.6033696345353035,0.3661655128943647,0.3661268237556605,6.103608758678569e-05,0.008586617407356223
zero_conditional_sensitivity,new,local sensitivity,NAND,55,0.19840729074714775,0.1705080820430691,0.5233097038649895,0.5229165932528839,0.0008239871824216068,0.0
zero_conditional_sensitivity,new,local sensitivity,NOR,55,0.6588431120616658,0.6554739079365027,0.6570810878197394,0.6567982940130209,0.0008239871824216068,0.0
zero_conditional_sensitivity,new,local sensitivity,AND_OR_NOT,55,0.43674526317643153,0.42384081982164384,0.5600296647742845,0.5596668358910636,0.0008239871824216068,0.0
one_conditional_sensitivity,new,local sensitivity,NAND,55,0.6588431120616662,0.6554739079365027,0.6570810878197394,0.6567982940130209,0.0008239871824216068,0.0
one_conditional_sensitivity,new,local sensitivity,NOR,55,0.19840729074714775,0.1705080820430691,0.5233097038649895,0.5229165932528839,0.0008239871824216068,0.0
one_conditional_sensitivity,new,local sensitivity,AND_OR_NOT,55,0.4367452631764318,0.42384081982164384,0.5600296647742846,0.5596668358910637,0.0008239871824216068,0.0
khrapchenko_product,new,local sensitivity,NAND,44,0.8275826766767482,0.8142199711467001,0.7154998647782863,0.7153130708826267,0.0006561379415579462,0.0
khrapchenko_product,new,local sensitivity,NOR,44,0.8275826766767473,0.8142199711467001,0.7154998647782863,0.7153130708826267,0.0006561379415579462,0.0
khrapchenko_product,new,local sensitivity,AND_OR_NOT,44,0.8793221864214389,0.8724250993038046,0.8013052556526307,0.8011747988944474,0.0006561379415579462,0.0
order_2_derivative_std,new,higher derivatives,NAND,23,-0.21274973292620403,-0.17769489655816234,0.07253637790970072,0.07222492522571444,0.0003356984817273213,0.004938063542173632
order_2_derivative_std,new,higher derivatives,NOR,23,-0.21274973292620403,-0.17769489655816234,0.07253637790970072,0.07222492522571444,0.0003356984817273213,0.004938063542173632
order_2_derivative_std,new,higher derivatives,AND_OR_NOT,23,-0.2042185121827708,-0.17018523969175192,0.06912239002145934,0.06880979088205919,0.0003356984817273213,0.008988478576100634
order_2_derivative_max,new,higher derivatives,NAND,9,-0.3137825791957259,-0.28250778566228196,0.10033228706181432,0.10022244925902302,0.00012207217517357137,0.0008647231149724321
order_2_derivative_max,new,higher derivatives,NOR,9,-0.3137825791957259,-0.28250778566228196,0.10033228706181432,0.10022244925902302,0.00012207217517357137,0.0008647231149724321
order_2_derivative_max,new,higher derivatives,AND_OR_NOT,9,-0.23687242232940062,-0.22031458667074597,0.05723785388754164,0.0571227548112998,0.00012207217517357137,0.0014649027829843897
order_3_derivative_std,new,higher derivatives,NAND,14,-0.13225802755692598,-0.10157592640652228,0.026963091515042212,0.02677003452944493,0.00019836728465705348,0.003845245352506521
order_3_derivative_std,new,higher derivatives,NOR,14,-0.1322580275569258,-0.10157592640652228,0.026963091515042212,0.02677003452944493,0.00019836728465705348,0.003845245352506521
order_3_derivative_std,new,higher derivatives,AND_OR_NOT,14,-0.09155975101901075,-0.06580028809419032,0.026219400574178844,0.02602619603535916,0.00019836728465705348,0.006926647012569176
order_3_derivative_max,new,higher derivatives,NAND,9,-0.06697376795528398,-0.08823286915683509,0.011110162579729885,0.010989431908413283,0.00012207217517357137,0.003845245352506521
order_3_derivative_max,new,higher derivatives,NOR,9,-0.06697376795528398,-0.08823286915683509,0.011110162579729885,0.010989431908413283,0.00012207217517357137,0.003845245352506521
order_3_derivative_max,new,higher derivatives,AND_OR_NOT,9,0.011410972844948693,-0.01815764054389744,0.019953841178396232,0.019834190205963997,0.00012207217517357137,0.006926647012569176
mean_certificate_size,new,certificates,NAND,36,0.7830401967088991,0.7949288342518788,0.7016527767466667,0.7014933545663022,0.0005340657663843748,0.008679356832804519
mean_certificate_size,new,certificates,NOR,36,0.7830401967088991,0.7949288342518788,0.7016527767466667,0.7014933545663022,0.0005340657663843748,0.008679356832804519
mean_certificate_size,new,certificates,AND_OR_NOT,36,0.876330630893109,0.8773442226697745,0.8229119016081542,0.8228172743800058,0.0005340657663843748,0.015806493844056302
maximum_certificate_size,new,certificates,NAND,5,0.6207912367892172,0.6251652151397827,0.38727179865130484,0.38723439783634095,6.103608758678569e-05,0.004663722438222884
maximum_certificate_size,new,certificates,NOR,5,0.6207912367892172,0.6251652151397827,0.38727179865130484,0.38723439783634095,6.103608758678569e-05,0.004663722438222773
maximum_certificate_size,new,certificates,AND_OR_NOT,5,0.6046402674215718,0.6038182352782843,0.36823794735865417,0.3681993847209625,6.103608758678569e-05,0.008586617407356223
mean_certificate_size_output_0,new,certificates,NAND,72,0.3176972386358525,0.3197656027044081,0.5492111103934919,0.5487222002877534,0.001083390554665446,0.009687859329573612
mean_certificate_size_output_0,new,certificates,NOR,72,0.7356788763396371,0.757828599825665,0.7465073990154784,0.7462324696700381,0.001083390554665446,0.011552422174085142
mean_certificate_size_output_0,new,certificates,AND_OR_NOT,72,0.5539520387177519,0.5620187760744112,0.6244475082680521,0.6240401969685139,0.001083390554665446,0.013750535870743041
mean_certificate_size_output_1,new,certificates,NAND,72,0.7356788763396389,0.757828599825665,0.7465073990154782,0.746232469670038,0.001083390554665446,0.011552422174085142
mean_certificate_size_output_1,new,certificates,NOR,72,0.3176972386358529,0.3197656027044081,0.549211110393492,0.5487222002877536,0.001083390554665446,0.009687859329573612
mean_certificate_size_output_1,new,certificates,AND_OR_NOT,72,0.5539520387177527,0.5620187760744112,0.6244475082680522,0.624040196968514,0.001083390554665446,0.013750535870743041
constant_faces_codimension_1,new,restrictions,NAND,6,-0.2594683397302689,-0.2440308969689159,0.07407212758537063,0.07400147842678562,7.629510948348211e-05,0.0
constant_faces_codimension_1,new,restrictions,NOR,6,-0.2594683397302689,-0.2440308969689159,0.07407212758537063,0.07400147842678562,7.629510948348211e-05,0.0
constant_faces_codimension_1,new,restrictions,AND_OR_NOT,6,-0.36799522056664813,-0.328166025085079,0.14539556341225066,0.14533035629821223,7.629510948348211e-05,0.0
constant_faces_codimension_2,new,restrictions,NAND,16,-0.6094065069207724,-0.645933276215097,0.45123254118384676,0.45110690760811034,0.00022888532845044633,0.007467191321770539
constant_faces_codimension_2,new,restrictions,NOR,16,-0.6094065069207724,-0.645933276215097,0.45123254118384676,0.45110690760811034,0.00022888532845044633,0.007467191321770539
constant_faces_codimension_2,new,restrictions,AND_OR_NOT,16,-0.7353498726414491,-0.7491000168673988,0.5913751717572626,0.5912816221170971,0.00022888532845044633,0.013226313322334593
constant_faces_codimension_3,new,restrictions,NAND,15,-0.774582484324499,-0.7648443728727746,0.6151469084175726,0.615064676106067,0.0002136263065537499,0.0
constant_faces_codimension_3,new,restrictions,NOR,15,-0.774582484324499,-0.7648443728727746,0.6151469084175726,0.615064676106067,0.0002136263065537499,0.0
constant_faces_codimension_3,new,restrictions,AND_OR_NOT,15,-0.8598778164088184,-0.8482337631737671,0.7445360781041669,0.7444814926291812,0.0002136263065537499,0.0
decision_tree_depth,new,decision trees,NAND,5,0.32831349047966135,0.3168466894341888,0.10902188208511512,0.10896749694721608,6.103608758678569e-05,0.0010478585823028297
decision_tree_depth,new,decision trees,NOR,5,0.32831349047966135,0.3168466894341888,0.10902188208511512,0.10896749694721608,6.103608758678569e-05,0.0010478585823028297
decision_tree_depth,new,decision trees,AND_OR_NOT,5,0.32308244468508945,0.30676083167968027,0.10625659034630874,0.10620203641551851,6.103608758678569e-05,0.0012415039848427956
decision_tree_leaf_count,new,decision trees,NAND,16,0.8430036980716626,0.8284475556843347,0.7127049384198294,0.7126391657408963,0.00022888532845044633,0.00753093859536369
decision_tree_leaf_count,new,decision trees,NOR,16,0.8430036980716626,0.8284475556843347,0.7127049384198294,0.7126391657408963,0.00022888532845044633,0.00753093859536369
decision_tree_leaf_count,new,decision trees,AND_OR_NOT,16,0.9023065554565016,0.8884779526313475,0.8170677550585963,0.81702587496589,0.00022888532845044633,0.01415506443819825
and_factorable_partitions,new,factorability,NAND,7,-0.12061323683553725,-0.1217426047760519,0.020056183883163502,0.019966457763480605,9.155413138017853e-05,4.495960736428106e-05
and_factorable_partitions,new,factorability,NOR,7,-0.2334387886005783,-0.23061799207691772,0.07271699451787451,0.07263209015441874,9.155413138017853e-05,0.0001528626650384446
and_factorable_partitions,new,factorability,AND_OR_NOT,7,-0.24848938233086018,-0.23620130986296506,0.0770778934048715,0.07699338833628244,9.155413138017853e-05,0.0002292422274692285
or_factorable_partitions,new,factorability,NAND,7,-0.2334387886005783,-0.23061799207691772,0.07271699451787454,0.07263209015441874,9.155413138017853e-05,0.0001528626650384446
or_factorable_partitions,new,factorability,NOR,7,-0.12061323683553725,-0.1217426047760519,0.020056183883163502,0.019966457763480605,9.155413138017853e-05,4.495960736428106e-05
or_factorable_partitions,new,factorability,AND_OR_NOT,7,-0.24848938233086018,-0.23620130986296506,0.07707789340487149,0.07699338833628244,9.155413138017853e-05,0.0002292422274692285
xor_factorable_partitions,new,factorability,NAND,7,0.04921561339510883,0.06064349296440863,0.012799471284134039,0.012709080721600041,9.155413138017853e-05,0.00026825899060667346
xor_factorable_partitions,new,factorability,NOR,7,0.04921561339510883,0.06064349296440863,0.012799471284134039,0.012709080721600041,9.155413138017853e-05,0.00026825899060667346
xor_factorable_partitions,new,factorability,AND_OR_NOT,7,0.0442575239481444,0.055665435000709,0.01233283798283413,0.012242404694181697,9.155413138017853e-05,0.0004270198354817678
prime_0_count,new,prime cubes,NAND,14,0.6188168771921874,0.6202773730083094,0.4133927287707942,0.413276341991911,0.00019836728465705348,0.009724683388938615
prime_0_count,new,prime cubes,NOR,14,0.37399051484385964,0.3647619653312087,0.1575087983120202,0.15734164246174176,0.00019836728465705348,0.01157265399739904
prime_0_count,new,prime cubes,AND_OR_NOT,14,0.5535306179406243,0.54539091598075,0.3508303662576541,0.35070156669050645,0.00019836728465705348,0.013934828641845698
prime_0_mean_literals,new,prime cubes,NAND,54,0.3554955720895606,0.3253536057091806,0.35359937660099927,0.3530761910990271,0.0008087281605249104,0.008978424532844587
prime_0_mean_literals,new,prime cubes,NOR,54,0.75861529147902,0.7641830678105569,0.6764756059399594,0.6762137508823072,0.0008087281605249104,0.011340106595270849
prime_0_mean_literals,new,prime cubes,AND_OR_NOT,54,0.5872070488089522,0.5654924167313607,0.5140819906830152,0.5136886970375278,0.0008087281605249104,0.012727245929648245
prime_0_minimum_literals,new,prime cubes,NAND,5,0.18851862708191958,0.1698601152105362,0.03800007257887472,0.037941352282989005,6.103608758678569e-05,0.00462419171538786
prime_0_minimum_literals,new,prime cubes,NOR,5,0.5936871198371995,0.5953049588338613,0.3532513229613687,0.3532118455429233,6.103608758678569e-05,0.004791017811429099
prime_0_minimum_literals,new,prime cubes,AND_OR_NOT,5,0.40518319134981595,0.38682774834518924,0.1764901339330471,0.1764398670446391,6.103608758678569e-05,0.005112517728991017
prime_1_count,new,prime cubes,NAND,14,0.37399051484385964,0.3647619653312087,0.1575087983120202,0.15734164246174176,0.00019836728465705348,0.01157265399739904
prime_1_count,new,prime cubes,NOR,14,0.6188168771921874,0.6202773730083094,0.4133927287707943,0.4132763419919112,0.00019836728465705348,0.009724683388938615
prime_1_count,new,prime cubes,AND_OR_NOT,14,0.5535306179406243,0.54539091598075,0.3508303662576541,0.35070156669050645,0.00019836728465705348,0.013934828641845698
prime_1_mean_literals,new,prime cubes,NAND,54,0.7586152914790216,0.7641830678105569,0.6764756059399594,0.6762137508823072,0.0008087281605249104,0.011340106595270849
prime_1_mean_literals,new,prime cubes,NOR,54,0.3554955720895612,0.3253536057091806,0.3535993766009993,0.3530761910990271,0.0008087281605249104,0.008978424532844587
prime_1_mean_literals,new,prime cubes,AND_OR_NOT,54,0.5872070488089529,0.5654924167313607,0.5140819906830153,0.513688697037528,0.0008087281605249104,0.012727245929648245
prime_1_minimum_literals,new,prime cubes,NAND,5,0.5936871198371995,0.5953049588338613,0.3532513229613687,0.3532118455429233,6.103608758678569e-05,0.004791017811429099
prime_1_minimum_literals,new,prime cubes,NOR,5,0.18851862708191958,0.1698601152105362,0.038000072578874715,0.037941352282989005,6.103608758678569e-05,0.00462419171538786
prime_1_minimum_literals,new,prime cubes,AND_OR_NOT,5,0.40518319134981595,0.38682774834518924,0.17649013393304708,0.1764398670446391,6.103608758678569e-05,0.005112517728991017
one_region_components,new,cube topology,NAND,9,0.6817552772277677,0.6541959137604705,0.4676097857766153,0.4675447878106809,0.00012207217517357137,0.001399861625065002
one_region_components,new,cube topology,NOR,9,0.3906986805004195,0.3320031768495477,0.15615466294533187,0.15605164033333319,0.00012207217517357137,0.0022324840154355208
one_region_components,new,cube topology,AND_OR_NOT,9,0.5286370432033918,0.48783540024750915,0.28024477481146404,0.28015690199870735,0.00012207217517357137,0.001993080299793837
zero_region_components,new,cube topology,NAND,9,0.3906986805004195,0.3320031768495477,0.15615466294533187,0.15605164033333319,0.00012207217517357137,0.0022324840154354098
zero_region_components,new,cube topology,NOR,9,0.6817552772277677,0.6541959137604705,0.4676097857766152,0.4675447878106809,0.00012207217517357137,0.001399861625065002
zero_region_components,new,cube topology,AND_OR_NOT,9,0.5286370432033918,0.48783540024750915,0.28024477481146404,0.28015690199870735,0.00012207217517357137,0.001993080299793837
total_monochromatic_components,new,cube topology,NAND,12,0.7474430167063361,0.7280350219734556,0.5702217505362273,0.5701496004729818,0.00016784924086366064,0.0014951191765483207
total_monochromatic_components,new,cube topology,NOR,12,0.7474430167063361,0.7280350219734556,0.5702217505362273,0.5701496004729818,0.00016784924086366064,0.0014951191765483207
total_monochromatic_components,new,cube topology,AND_OR_NOT,12,0.7368634587384407,0.7154352691318098,0.5550268212056203,0.5549521202568575,0.00016784924086366064,0.0028560112151906347
maximum_absolute_walsh,new,Fourier shape,NAND,7,-0.11452686141733284,-0.12369117366317725,0.015220798566250476,0.01513062970653034,9.155413138017853e-05,0.0009621355975949486
maximum_absolute_walsh,new,Fourier shape,NOR,7,-0.11452686141733284,-0.12369117366317725,0.015220798566250476,0.01513062970653034,9.155413138017853e-05,0.0009621355975949486
maximum_absolute_walsh,new,Fourier shape,AND_OR_NOT,7,-0.14447784453917695,-0.14518167541321841,0.023446379035720395,0.023356963330829705,9.155413138017853e-05,0.0019516411819244794
fourier_entropy,new,Fourier shape,NAND,8,0.1269221778053156,0.1275968002152882,0.017235424156622426,0.017130440759740018,0.00010681315327687495,0.0009621355975949486
fourier_entropy,new,Fourier shape,NOR,8,0.12692217780531573,0.1275968002152882,0.017235424156622426,0.017130440759740018,0.00010681315327687495,0.0009621355975949486
fourier_entropy,new,Fourier shape,AND_OR_NOT,8,0.15344214996494032,0.14793458003261872,0.026028132185197016,0.025924088065512385,0.00010681315327687495,0.0019516411819244794
canalizing_variable_count,new,restrictions,NAND,5,-0.259591077928393,-0.24401093785752934,0.07376055681377564,0.07370401933116821,6.103608758678569e-05,0.0
canalizing_variable_count,new,restrictions,NOR,5,-0.259591077928393,-0.24401093785752934,0.07376055681377564,0.07370401933116821,6.103608758678569e-05,0.0
canalizing_variable_count,new,restrictions,AND_OR_NOT,5,-0.36914468153441243,-0.3281562485580902,0.1450630897825074,0.14501090459319443,6.103608758678569e-05,0.0
cofactor_orbit_diversity,new,restrictions,NAND,8,-0.034982166916174236,-0.02608559413162195,0.02681477105047494,0.02671081096314354,0.00010681315327687495,0.005032257487824543
cofactor_orbit_diversity,new,restrictions,NOR,8,-0.034982166916174236,-0.02608559413162195,0.02681477105047494,0.02671081096314354,0.00010681315327687495,0.005032257487824543
cofactor_orbit_diversity,new,restrictions,AND_OR_NOT,8,0.07927061231215475,0.0728978938926003,0.030376302755053836,0.03027272312679241,0.00010681315327687495,0.007738584026069417
