scope,parity_variable_mask,parity_order,language,pairs,mean_absolute_gate_difference,fraction_changed,maximum_absolute_gate_difference
all_pairs,12,2,NAND,32768,3.44390869140625,0.8505859375,18
all_pairs,12,2,NOR,32768,3.44390869140625,0.8505859375,18
all_pairs,12,2,AND_OR_NOT,32768,2.6912841796875,0.8079833984375,14
same_descriptor_cross_orbit,12,2,NAND,940,1.4117021276595745,0.798936170212766,6
same_descriptor_cross_orbit,12,2,NOR,940,1.4117021276595745,0.798936170212766,6
same_descriptor_cross_orbit,12,2,AND_OR_NOT,940,0.7021276595744681,0.5914893617021276,2
all_pairs,10,2,NAND,32768,3.44390869140625,0.8505859375,18
all_pairs,10,2,NOR,32768,3.44390869140625,0.8505859375,18
all_pairs,10,2,AND_OR_NOT,32768,2.6912841796875,0.8079833984375,14
same_descriptor_cross_orbit,10,2,NAND,940,1.4117021276595745,0.798936170212766,6
same_descriptor_cross_orbit,10,2,NOR,940,1.4117021276595745,0.798936170212766,6
same_descriptor_cross_orbit,10,2,AND_OR_NOT,940,0.7021276595744681,0.5914893617021276,2
all_pairs,6,2,NAND,32768,3.44390869140625,0.8505859375,18
all_pairs,6,2,NOR,32768,3.44390869140625,0.8505859375,18
all_pairs,6,2,AND_OR_NOT,32768,2.6912841796875,0.8079833984375,14
same_descriptor_cross_orbit,6,2,NAND,940,1.4117021276595745,0.798936170212766,6
same_descriptor_cross_orbit,6,2,NOR,940,1.4117021276595745,0.798936170212766,6
same_descriptor_cross_orbit,6,2,AND_OR_NOT,940,0.7021276595744681,0.5914893617021276,2
all_pairs,9,2,NAND,32768,3.44390869140625,0.8505859375,18
all_pairs,9,2,NOR,32768,3.44390869140625,0.8505859375,18
all_pairs,9,2,AND_OR_NOT,32768,2.6912841796875,0.8079833984375,14
same_descriptor_cross_orbit,9,2,NAND,940,1.4117021276595745,0.798936170212766,6
same_descriptor_cross_orbit,9,2,NOR,940,1.4117021276595745,0.798936170212766,6
same_descriptor_cross_orbit,9,2,AND_OR_NOT,940,0.7021276595744681,0.5914893617021276,2
all_pairs,5,2,NAND,32768,3.44390869140625,0.8505859375,18
all_pairs,5,2,NOR,32768,3.44390869140625,0.8505859375,18
all_pairs,5,2,AND_OR_NOT,32768,2.6912841796875,0.8079833984375,14
same_descriptor_cross_orbit,5,2,NAND,940,1.4117021276595745,0.798936170212766,6
same_descriptor_cross_orbit,5,2,NOR,940,1.4117021276595745,0.798936170212766,6
same_descriptor_cross_orbit,5,2,AND_OR_NOT,940,0.7021276595744681,0.5914893617021276,2
all_pairs,3,2,NAND,32768,3.44390869140625,0.8505859375,18
all_pairs,3,2,NOR,32768,3.44390869140625,0.8505859375,18
all_pairs,3,2,AND_OR_NOT,32768,2.6912841796875,0.8079833984375,14
same_descriptor_cross_orbit,3,2,NAND,940,1.4117021276595745,0.798936170212766,6
same_descriptor_cross_orbit,3,2,NOR,940,1.4117021276595745,0.798936170212766,6
same_descriptor_cross_orbit,3,2,AND_OR_NOT,940,0.7021276595744681,0.5914893617021276,2
all_pairs,15,4,NAND,32768,4.33074951171875,0.897247314453125,21
all_pairs,15,4,NOR,32768,4.33074951171875,0.897247314453125,21
all_pairs,15,4,AND_OR_NOT,32768,3.6126708984375,0.84912109375,16
same_descriptor_cross_orbit,15,4,NAND,2456,1.4963355048859934,0.7561074918566775,8
same_descriptor_cross_orbit,15,4,NOR,2456,1.4963355048859934,0.7561074918566775,8
same_descriptor_cross_orbit,15,4,AND_OR_NOT,2456,0.3713355048859935,0.3127035830618892,2
all_pairs,7,3,NAND,32768,4.0115966796875,0.921051025390625,23
all_pairs,7,3,NOR,32768,4.02691650390625,0.925018310546875,23
all_pairs,7,3,AND_OR_NOT,32768,3.351318359375,0.90631103515625,18
same_descriptor_cross_orbit,7,3,NAND,1116,1.2482078853046594,0.7634408602150538,6
same_descriptor_cross_orbit,7,3,NOR,1116,1.2302867383512546,0.728494623655914,5
same_descriptor_cross_orbit,7,3,AND_OR_NOT,1116,0.7168458781362007,0.6084229390681004,2
all_pairs,11,3,NAND,32768,4.0115966796875,0.921051025390625,23
all_pairs,11,3,NOR,32768,4.02691650390625,0.925018310546875,23
all_pairs,11,3,AND_OR_NOT,32768,3.351318359375,0.90631103515625,18
same_descriptor_cross_orbit,11,3,NAND,1116,1.2482078853046594,0.7634408602150538,6
same_descriptor_cross_orbit,11,3,NOR,1116,1.2302867383512546,0.728494623655914,5
same_descriptor_cross_orbit,11,3,AND_OR_NOT,1116,0.7168458781362007,0.6084229390681004,2
all_pairs,13,3,NAND,32768,4.0115966796875,0.921051025390625,23
all_pairs,13,3,NOR,32768,4.02691650390625,0.925018310546875,23
all_pairs,13,3,AND_OR_NOT,32768,3.351318359375,0.90631103515625,18
same_descriptor_cross_orbit,13,3,NAND,1116,1.2482078853046594,0.7634408602150538,6
same_descriptor_cross_orbit,13,3,NOR,1116,1.2302867383512546,0.728494623655914,5
same_descriptor_cross_orbit,13,3,AND_OR_NOT,1116,0.7168458781362007,0.6084229390681004,2
all_pairs,1,1,NAND,32768,2.892578125,0.89276123046875,13
all_pairs,1,1,NOR,32768,2.81890869140625,0.891021728515625,13
all_pairs,1,1,AND_OR_NOT,32768,2.16571044921875,0.8497314453125,11
same_descriptor_cross_orbit,1,1,NAND,1116,0.9919354838709677,0.6827956989247311,4
same_descriptor_cross_orbit,1,1,NOR,1116,1.0,0.6532258064516129,4
same_descriptor_cross_orbit,1,1,AND_OR_NOT,1116,0.7222222222222222,0.6111111111111112,2
all_pairs,14,3,NAND,32768,4.0115966796875,0.921051025390625,23
all_pairs,14,3,NOR,32768,4.02691650390625,0.925018310546875,23
all_pairs,14,3,AND_OR_NOT,32768,3.351318359375,0.90631103515625,18
same_descriptor_cross_orbit,14,3,NAND,1116,1.2482078853046594,0.7634408602150538,6
same_descriptor_cross_orbit,14,3,NOR,1116,1.2302867383512546,0.728494623655914,5
same_descriptor_cross_orbit,14,3,AND_OR_NOT,1116,0.7168458781362007,0.6084229390681004,2
all_pairs,2,1,NAND,32768,2.892578125,0.89276123046875,13
all_pairs,2,1,NOR,32768,2.81890869140625,0.891021728515625,13
all_pairs,2,1,AND_OR_NOT,32768,2.16571044921875,0.8497314453125,11
same_descriptor_cross_orbit,2,1,NAND,1116,0.9919354838709677,0.6827956989247311,4
same_descriptor_cross_orbit,2,1,NOR,1116,1.0,0.6532258064516129,4
same_descriptor_cross_orbit,2,1,AND_OR_NOT,1116,0.7222222222222222,0.6111111111111112,2
all_pairs,4,1,NAND,32768,2.892578125,0.89276123046875,13
all_pairs,4,1,NOR,32768,2.81890869140625,0.891021728515625,13
all_pairs,4,1,AND_OR_NOT,32768,2.16571044921875,0.8497314453125,11
same_descriptor_cross_orbit,4,1,NAND,1116,0.9919354838709677,0.6827956989247311,4
same_descriptor_cross_orbit,4,1,NOR,1116,1.0,0.6532258064516129,4
same_descriptor_cross_orbit,4,1,AND_OR_NOT,1116,0.7222222222222222,0.6111111111111112,2
all_pairs,8,1,NAND,32768,2.892578125,0.89276123046875,13
all_pairs,8,1,NOR,32768,2.81890869140625,0.891021728515625,13
all_pairs,8,1,AND_OR_NOT,32768,2.16571044921875,0.8497314453125,11
same_descriptor_cross_orbit,8,1,NAND,1116,0.9919354838709677,0.6827956989247311,4
same_descriptor_cross_orbit,8,1,NOR,1116,1.0,0.6532258064516129,4
same_descriptor_cross_orbit,8,1,AND_OR_NOT,1116,0.7222222222222222,0.6111111111111112,2
