feature_family,component,descriptor_classes,language,ceiling_r2,ceiling_gain
fourier_signed_shape,degree_0_rank_0,675,NAND,0.893444531623862,0.0
fourier_signed_shape,degree_0_rank_0,675,NOR,0.893444531623862,0.0
fourier_signed_shape,degree_0_rank_0,675,AND_OR_NOT,0.9306219267955016,0.0
fourier_signed_shape,degree_1_rank_0,1350,NAND,0.9165802708751092,0.023135739251247234
fourier_signed_shape,degree_1_rank_0,1350,NOR,0.9165802708751092,0.023135739251247234
fourier_signed_shape,degree_1_rank_0,1350,AND_OR_NOT,0.9425581532996578,0.011936226504156155
fourier_signed_shape,degree_1_rank_1,1316,NAND,0.9201069155577983,0.026662383933936384
fourier_signed_shape,degree_1_rank_1,1316,NOR,0.9201069155577983,0.026662383933936384
fourier_signed_shape,degree_1_rank_1,1316,AND_OR_NOT,0.9419002711245014,0.011278344328999768
fourier_signed_shape,degree_1_rank_2,1316,NAND,0.9197998099170188,0.02635527829315687
fourier_signed_shape,degree_1_rank_2,1316,NOR,0.9197998099170188,0.02635527829315687
fourier_signed_shape,degree_1_rank_2,1316,AND_OR_NOT,0.9418044169524971,0.011182490156995462
fourier_signed_shape,degree_1_rank_3,1350,NAND,0.9177386638174038,0.024294132193541818
fourier_signed_shape,degree_1_rank_3,1350,NOR,0.9177386638174038,0.024294132193541818
fourier_signed_shape,degree_1_rank_3,1350,AND_OR_NOT,0.9432728203182447,0.012650893522743067
fourier_signed_shape,degree_2_rank_0,1032,NAND,0.9005467692332844,0.007102237609422413
fourier_signed_shape,degree_2_rank_0,1032,NOR,0.9005469428345946,0.007102411210732629
fourier_signed_shape,degree_2_rank_0,1032,AND_OR_NOT,0.9408818896843294,0.0102599628888278
fourier_signed_shape,degree_2_rank_1,1087,NAND,0.8990143751892442,0.00556984356538226
fourier_signed_shape,degree_2_rank_1,1087,NOR,0.8989676503845527,0.005523118760690782
fourier_signed_shape,degree_2_rank_1,1087,AND_OR_NOT,0.9416016385226572,0.010979711727155617
fourier_signed_shape,degree_2_rank_2,1078,NAND,0.898994818174254,0.005550286550392025
fourier_signed_shape,degree_2_rank_2,1078,NOR,0.8986514949246195,0.005206963300757539
fourier_signed_shape,degree_2_rank_2,1078,AND_OR_NOT,0.9412578455319179,0.010635918736416339
fourier_signed_shape,degree_2_rank_3,1078,NAND,0.8986514949246195,0.005206963300757539
fourier_signed_shape,degree_2_rank_3,1078,NOR,0.898994818174254,0.005550286550392025
fourier_signed_shape,degree_2_rank_3,1078,AND_OR_NOT,0.9412578455319179,0.010635918736416339
fourier_signed_shape,degree_2_rank_4,1087,NAND,0.8989676503845527,0.005523118760690782
fourier_signed_shape,degree_2_rank_4,1087,NOR,0.8990143751892442,0.00556984356538226
fourier_signed_shape,degree_2_rank_4,1087,AND_OR_NOT,0.9416016385226572,0.010979711727155617
fourier_signed_shape,degree_2_rank_5,1032,NAND,0.9005469428345946,0.007102411210732629
fourier_signed_shape,degree_2_rank_5,1032,NOR,0.9005467692332844,0.007102237609422413
fourier_signed_shape,degree_2_rank_5,1032,AND_OR_NOT,0.9408818896843294,0.0102599628888278
fourier_signed_shape,degree_3_rank_0,1350,NAND,0.9117287676273254,0.018284236003463405
fourier_signed_shape,degree_3_rank_0,1350,NOR,0.9117287676273254,0.018284236003463405
fourier_signed_shape,degree_3_rank_0,1350,AND_OR_NOT,0.9414827755004354,0.010860848704933757
fourier_signed_shape,degree_3_rank_1,1316,NAND,0.9097082920813557,0.01626376045749378
fourier_signed_shape,degree_3_rank_1,1316,NOR,0.9097082920813557,0.01626376045749378
fourier_signed_shape,degree_3_rank_1,1316,AND_OR_NOT,0.941746028673179,0.011124101877677428
fourier_signed_shape,degree_3_rank_2,1316,NAND,0.9102660546887179,0.01682152306485596
fourier_signed_shape,degree_3_rank_2,1316,NOR,0.9102660546887179,0.01682152306485596
fourier_signed_shape,degree_3_rank_2,1316,AND_OR_NOT,0.9407305074792902,0.010108580683788615
fourier_signed_shape,degree_3_rank_3,1350,NAND,0.9131260681579022,0.019681536534040256
fourier_signed_shape,degree_3_rank_3,1350,NOR,0.9131260681579022,0.019681536534040256
fourier_signed_shape,degree_3_rank_3,1350,AND_OR_NOT,0.9427585985374118,0.012136671741910243
fourier_signed_shape,degree_4_rank_0,1051,NAND,0.895730857804566,0.0022863261807040125
fourier_signed_shape,degree_4_rank_0,1051,NOR,0.895730857804566,0.0022863261807040125
fourier_signed_shape,degree_4_rank_0,1051,AND_OR_NOT,0.9356683143906512,0.005046387595149637
fourier_absolute_shape,degree_0_rank_0,675,NAND,0.893444531623862,0.0
fourier_absolute_shape,degree_0_rank_0,675,NOR,0.893444531623862,0.0
fourier_absolute_shape,degree_0_rank_0,675,AND_OR_NOT,0.9306219267955016,0.0
fourier_absolute_shape,degree_1_rank_0,675,NAND,0.893444531623862,0.0
fourier_absolute_shape,degree_1_rank_0,675,NOR,0.893444531623862,0.0
fourier_absolute_shape,degree_1_rank_0,675,AND_OR_NOT,0.9306219267955016,0.0
fourier_absolute_shape,degree_1_rank_1,677,NAND,0.8940147693105985,0.0005702376867365855
fourier_absolute_shape,degree_1_rank_1,677,NOR,0.8940147693105985,0.0005702376867365855
fourier_absolute_shape,degree_1_rank_1,677,AND_OR_NOT,0.9318108399163957,0.0011889131208940862
fourier_absolute_shape,degree_1_rank_2,677,NAND,0.8940147693105985,0.0005702376867365855
fourier_absolute_shape,degree_1_rank_2,677,NOR,0.8940147693105985,0.0005702376867365855
fourier_absolute_shape,degree_1_rank_2,677,AND_OR_NOT,0.9318108399163957,0.0011889131208940862
fourier_absolute_shape,degree_1_rank_3,677,NAND,0.8940147693105985,0.0005702376867365855
fourier_absolute_shape,degree_1_rank_3,677,NOR,0.8940147693105985,0.0005702376867365855
fourier_absolute_shape,degree_1_rank_3,677,AND_OR_NOT,0.9318108399163957,0.0011889131208940862
fourier_absolute_shape,degree_2_rank_0,675,NAND,0.893444531623862,0.0
fourier_absolute_shape,degree_2_rank_0,675,NOR,0.893444531623862,0.0
fourier_absolute_shape,degree_2_rank_0,675,AND_OR_NOT,0.9306219267955016,0.0
fourier_absolute_shape,degree_2_rank_1,675,NAND,0.893444531623862,0.0
fourier_absolute_shape,degree_2_rank_1,675,NOR,0.893444531623862,0.0
fourier_absolute_shape,degree_2_rank_1,675,AND_OR_NOT,0.9306219267955016,0.0
fourier_absolute_shape,degree_2_rank_2,677,NAND,0.8935202136295918,7.568200572982686e-05
fourier_absolute_shape,degree_2_rank_2,677,NOR,0.8935202136295918,7.568200572982686e-05
fourier_absolute_shape,degree_2_rank_2,677,AND_OR_NOT,0.9306259722465746,4.045451073020345e-06
fourier_absolute_shape,degree_2_rank_3,685,NAND,0.8936176261122143,0.0001730944883523433
fourier_absolute_shape,degree_2_rank_3,685,NOR,0.8936176261122143,0.0001730944883523433
fourier_absolute_shape,degree_2_rank_3,685,AND_OR_NOT,0.9311127106455147,0.0004907838500131101
fourier_absolute_shape,degree_2_rank_4,683,NAND,0.8935419441064845,9.741248262251645e-05
fourier_absolute_shape,degree_2_rank_4,683,NOR,0.8935419441064845,9.741248262251645e-05
fourier_absolute_shape,degree_2_rank_4,683,AND_OR_NOT,0.9311086651944418,0.00048673839894020077
fourier_absolute_shape,degree_2_rank_5,685,NAND,0.8936176261122143,0.0001730944883523433
fourier_absolute_shape,degree_2_rank_5,685,NOR,0.8936176261122143,0.0001730944883523433
fourier_absolute_shape,degree_2_rank_5,685,AND_OR_NOT,0.9311127106455147,0.0004907838500131101
fourier_absolute_shape,degree_3_rank_0,675,NAND,0.893444531623862,0.0
fourier_absolute_shape,degree_3_rank_0,675,NOR,0.893444531623862,0.0
fourier_absolute_shape,degree_3_rank_0,675,AND_OR_NOT,0.9306219267955016,0.0
fourier_absolute_shape,degree_3_rank_1,677,NAND,0.893663335046368,0.0002188034225060198
fourier_absolute_shape,degree_3_rank_1,677,NOR,0.893663335046368,0.0002188034225060198
fourier_absolute_shape,degree_3_rank_1,677,AND_OR_NOT,0.930893871006519,0.0002719442110173942
fourier_absolute_shape,degree_3_rank_2,677,NAND,0.893663335046368,0.0002188034225060198
fourier_absolute_shape,degree_3_rank_2,677,NOR,0.893663335046368,0.0002188034225060198
fourier_absolute_shape,degree_3_rank_2,677,AND_OR_NOT,0.930893871006519,0.0002719442110173942
fourier_absolute_shape,degree_3_rank_3,677,NAND,0.893663335046368,0.0002188034225060198
fourier_absolute_shape,degree_3_rank_3,677,NOR,0.893663335046368,0.0002188034225060198
fourier_absolute_shape,degree_3_rank_3,677,AND_OR_NOT,0.930893871006519,0.0002719442110173942
fourier_absolute_shape,degree_4_rank_0,675,NAND,0.893444531623862,0.0
fourier_absolute_shape,degree_4_rank_0,675,NOR,0.893444531623862,0.0
fourier_absolute_shape,degree_4_rank_0,675,AND_OR_NOT,0.9306219267955016,0.0
fourier_l1_by_degree,degree_0,675,NAND,0.893444531623862,0.0
fourier_l1_by_degree,degree_0,675,NOR,0.893444531623862,0.0
fourier_l1_by_degree,degree_0,675,AND_OR_NOT,0.9306219267955016,0.0
fourier_l1_by_degree,degree_1,677,NAND,0.8940147693105985,0.0005702376867365855
fourier_l1_by_degree,degree_1,677,NOR,0.8940147693105985,0.0005702376867365855
fourier_l1_by_degree,degree_1,677,AND_OR_NOT,0.9318108399163957,0.0011889131208940862
fourier_l1_by_degree,degree_2,685,NAND,0.8936176261122143,0.0001730944883523433
fourier_l1_by_degree,degree_2,685,NOR,0.8936176261122143,0.0001730944883523433
fourier_l1_by_degree,degree_2,685,AND_OR_NOT,0.9311127106455147,0.0004907838500131101
fourier_l1_by_degree,degree_3,677,NAND,0.893663335046368,0.0002188034225060198
fourier_l1_by_degree,degree_3,677,NOR,0.893663335046368,0.0002188034225060198
fourier_l1_by_degree,degree_3,677,AND_OR_NOT,0.930893871006519,0.0002719442110173942
fourier_l1_by_degree,degree_4,675,NAND,0.893444531623862,0.0
fourier_l1_by_degree,degree_4,675,NOR,0.893444531623862,0.0
fourier_l1_by_degree,degree_4,675,AND_OR_NOT,0.9306219267955016,0.0
fourier_sign_profile,degree_0_negative,675,NAND,0.893444531623862,0.0
fourier_sign_profile,degree_0_negative,675,NOR,0.893444531623862,0.0
fourier_sign_profile,degree_0_negative,675,AND_OR_NOT,0.9306219267955016,0.0
fourier_sign_profile,degree_0_zero,675,NAND,0.893444531623862,0.0
fourier_sign_profile,degree_0_zero,675,NOR,0.893444531623862,0.0
fourier_sign_profile,degree_0_zero,675,AND_OR_NOT,0.9306219267955016,0.0
fourier_sign_profile,degree_0_positive,675,NAND,0.893444531623862,0.0
fourier_sign_profile,degree_0_positive,675,NOR,0.893444531623862,0.0
fourier_sign_profile,degree_0_positive,675,AND_OR_NOT,0.9306219267955016,0.0
fourier_sign_profile,degree_1_negative,1925,NAND,0.9294137161688416,0.03596918454497966
fourier_sign_profile,degree_1_negative,1925,NOR,0.9294137161688416,0.03596918454497966
fourier_sign_profile,degree_1_negative,1925,AND_OR_NOT,0.950720562501711,0.0200986357062094
fourier_sign_profile,degree_1_zero,675,NAND,0.893444531623862,0.0
fourier_sign_profile,degree_1_zero,675,NOR,0.893444531623862,0.0
fourier_sign_profile,degree_1_zero,675,AND_OR_NOT,0.9306219267955016,0.0
fourier_sign_profile,degree_1_positive,1925,NAND,0.9294137161688416,0.03596918454497966
fourier_sign_profile,degree_1_positive,1925,NOR,0.9294137161688416,0.03596918454497966
fourier_sign_profile,degree_1_positive,1925,AND_OR_NOT,0.950720562501711,0.0200986357062094
fourier_sign_profile,degree_2_negative,1521,NAND,0.9050133879254731,0.011568856301611197
fourier_sign_profile,degree_2_negative,1521,NOR,0.9050133879254731,0.011568856301611197
fourier_sign_profile,degree_2_negative,1521,AND_OR_NOT,0.9555764522729844,0.02495452547748278
fourier_sign_profile,degree_2_zero,675,NAND,0.893444531623862,0.0
fourier_sign_profile,degree_2_zero,675,NOR,0.893444531623862,0.0
fourier_sign_profile,degree_2_zero,675,AND_OR_NOT,0.9306219267955016,0.0
fourier_sign_profile,degree_2_positive,1521,NAND,0.9050133879254731,0.011568856301611197
fourier_sign_profile,degree_2_positive,1521,NOR,0.9050133879254731,0.011568856301611197
fourier_sign_profile,degree_2_positive,1521,AND_OR_NOT,0.9555764522729844,0.02495452547748278
fourier_sign_profile,degree_3_negative,1925,NAND,0.9298991300630176,0.03645459843915566
fourier_sign_profile,degree_3_negative,1925,NOR,0.9298991300630176,0.03645459843915566
fourier_sign_profile,degree_3_negative,1925,AND_OR_NOT,0.9498916945263126,0.019269767730811016
fourier_sign_profile,degree_3_zero,675,NAND,0.893444531623862,0.0
fourier_sign_profile,degree_3_zero,675,NOR,0.893444531623862,0.0
fourier_sign_profile,degree_3_zero,675,AND_OR_NOT,0.9306219267955016,0.0
fourier_sign_profile,degree_3_positive,1925,NAND,0.9298991300630176,0.03645459843915566
fourier_sign_profile,degree_3_positive,1925,NOR,0.9298991300630176,0.03645459843915566
fourier_sign_profile,degree_3_positive,1925,AND_OR_NOT,0.9498916945263126,0.019269767730811016
fourier_sign_profile,degree_4_negative,1051,NAND,0.895730857804566,0.0022863261807040125
fourier_sign_profile,degree_4_negative,1051,NOR,0.895730857804566,0.0022863261807040125
fourier_sign_profile,degree_4_negative,1051,AND_OR_NOT,0.9356683143906512,0.005046387595149637
fourier_sign_profile,degree_4_zero,675,NAND,0.893444531623862,0.0
fourier_sign_profile,degree_4_zero,675,NOR,0.893444531623862,0.0
fourier_sign_profile,degree_4_zero,675,AND_OR_NOT,0.9306219267955016,0.0
fourier_sign_profile,degree_4_positive,1051,NAND,0.895730857804566,0.0022863261807040125
fourier_sign_profile,degree_4_positive,1051,NOR,0.895730857804566,0.0022863261807040125
fourier_sign_profile,degree_4_positive,1051,AND_OR_NOT,0.9356683143906512,0.005046387595149637
anf_degree_profile,degree_0,1234,NAND,0.9114182623787794,0.017973730754917483
anf_degree_profile,degree_0,1234,NOR,0.909980863469579,0.01653633184571701
anf_degree_profile,degree_0,1234,AND_OR_NOT,0.9466841036664819,0.016062176870980327
anf_degree_profile,degree_1,1871,NAND,0.9512740450259987,0.05782951340213671
anf_degree_profile,degree_1,1871,NOR,0.9382114359715579,0.044766904347695924
anf_degree_profile,degree_1,1871,AND_OR_NOT,0.9493982103292592,0.0187762835337576
anf_degree_profile,degree_2,1875,NAND,0.9333638315896366,0.0399192999657747
anf_degree_profile,degree_2,1875,NOR,0.930398602755052,0.03695407113119009
anf_degree_profile,degree_2,1875,AND_OR_NOT,0.9527494097260707,0.022127482930569098
anf_degree_profile,degree_3,1437,NAND,0.9095601530182199,0.01611562139435796
anf_degree_profile,degree_3,1437,NOR,0.9095601530182199,0.01611562139435796
anf_degree_profile,degree_3,1437,AND_OR_NOT,0.9404595006023655,0.009837573806863897
anf_degree_profile,degree_4,675,NAND,0.893444531623862,0.0
anf_degree_profile,degree_4,675,NOR,0.893444531623862,0.0
anf_degree_profile,degree_4,675,AND_OR_NOT,0.9306219267955016,0.0
local_sensitivity_profile,output_0_sensitivity_0,715,NAND,0.8977878159739536,0.004343284350091681
local_sensitivity_profile,output_0_sensitivity_0,715,NOR,0.89827611558522,0.004831583961358077
local_sensitivity_profile,output_0_sensitivity_0,715,AND_OR_NOT,0.9358384864626038,0.005216559667102216
local_sensitivity_profile,output_0_sensitivity_1,736,NAND,0.9017457478640984,0.008301216240236498
local_sensitivity_profile,output_0_sensitivity_1,736,NOR,0.9020599699083787,0.008615438284516719
local_sensitivity_profile,output_0_sensitivity_1,736,AND_OR_NOT,0.9417495395304903,0.011127612734988745
local_sensitivity_profile,output_0_sensitivity_2,762,NAND,0.9037531224466211,0.010308590822759145
local_sensitivity_profile,output_0_sensitivity_2,762,NOR,0.904710127359611,0.011265595735749034
local_sensitivity_profile,output_0_sensitivity_2,762,AND_OR_NOT,0.9450823947463775,0.014460467950875855
local_sensitivity_profile,output_0_sensitivity_3,742,NAND,0.9017290164673578,0.008284484843495865
local_sensitivity_profile,output_0_sensitivity_3,742,NOR,0.9026070059244453,0.009162474300583368
local_sensitivity_profile,output_0_sensitivity_3,742,AND_OR_NOT,0.9417175758603924,0.0110956490648908
local_sensitivity_profile,output_0_sensitivity_4,719,NAND,0.897344096471027,0.003899564847165027
local_sensitivity_profile,output_0_sensitivity_4,719,NOR,0.8975318430744567,0.004087311450594711
local_sensitivity_profile,output_0_sensitivity_4,719,AND_OR_NOT,0.9362456710062815,0.005623744210779935
local_sensitivity_profile,output_1_sensitivity_0,715,NAND,0.89827611558522,0.004831583961358077
local_sensitivity_profile,output_1_sensitivity_0,715,NOR,0.8977878159739536,0.004343284350091681
local_sensitivity_profile,output_1_sensitivity_0,715,AND_OR_NOT,0.9358384864626038,0.005216559667102216
local_sensitivity_profile,output_1_sensitivity_1,736,NAND,0.9020599699083787,0.008615438284516719
local_sensitivity_profile,output_1_sensitivity_1,736,NOR,0.9017457478640984,0.008301216240236498
local_sensitivity_profile,output_1_sensitivity_1,736,AND_OR_NOT,0.9417495395304903,0.011127612734988745
local_sensitivity_profile,output_1_sensitivity_2,762,NAND,0.904710127359611,0.011265595735749034
local_sensitivity_profile,output_1_sensitivity_2,762,NOR,0.9037531224466211,0.010308590822759145
local_sensitivity_profile,output_1_sensitivity_2,762,AND_OR_NOT,0.9450823947463775,0.014460467950875855
local_sensitivity_profile,output_1_sensitivity_3,742,NAND,0.9026070059244453,0.009162474300583368
local_sensitivity_profile,output_1_sensitivity_3,742,NOR,0.9017290164673579,0.008284484843495976
local_sensitivity_profile,output_1_sensitivity_3,742,AND_OR_NOT,0.9417175758603924,0.0110956490648908
local_sensitivity_profile,output_1_sensitivity_4,719,NAND,0.8975318430744567,0.004087311450594711
local_sensitivity_profile,output_1_sensitivity_4,719,NOR,0.897344096471027,0.003899564847165027
local_sensitivity_profile,output_1_sensitivity_4,719,AND_OR_NOT,0.9362456710062815,0.005623744210779935
constant_restriction_profile,codimension_1_output_0,675,NAND,0.893444531623862,0.0
constant_restriction_profile,codimension_1_output_0,675,NOR,0.893444531623862,0.0
constant_restriction_profile,codimension_1_output_0,675,AND_OR_NOT,0.9306219267955016,0.0
constant_restriction_profile,codimension_1_output_1,675,NAND,0.893444531623862,0.0
constant_restriction_profile,codimension_1_output_1,675,NOR,0.893444531623862,0.0
constant_restriction_profile,codimension_1_output_1,675,AND_OR_NOT,0.9306219267955016,0.0
constant_restriction_profile,codimension_2_output_0,733,NAND,0.900363446487224,0.006918914863362047
constant_restriction_profile,codimension_2_output_0,733,NOR,0.9005112588385368,0.007066727214674828
constant_restriction_profile,codimension_2_output_0,733,AND_OR_NOT,0.9397967043283981,0.009174777532896528
constant_restriction_profile,codimension_2_output_1,733,NAND,0.9005112588385368,0.007066727214674828
constant_restriction_profile,codimension_2_output_1,733,NOR,0.900363446487224,0.006918914863362047
constant_restriction_profile,codimension_2_output_1,733,AND_OR_NOT,0.9397967043283981,0.009174777532896528
constant_restriction_profile,codimension_3_output_0,675,NAND,0.893444531623862,0.0
constant_restriction_profile,codimension_3_output_0,675,NOR,0.893444531623862,0.0
constant_restriction_profile,codimension_3_output_0,675,AND_OR_NOT,0.9306219267955016,0.0
constant_restriction_profile,codimension_3_output_1,675,NAND,0.893444531623862,0.0
constant_restriction_profile,codimension_3_output_1,675,NOR,0.893444531623862,0.0
constant_restriction_profile,codimension_3_output_1,675,AND_OR_NOT,0.9306219267955016,0.0
certificate_profile,output_0_certificate_0,675,NAND,0.893444531623862,0.0
certificate_profile,output_0_certificate_0,675,NOR,0.893444531623862,0.0
certificate_profile,output_0_certificate_0,675,AND_OR_NOT,0.9306219267955016,0.0
certificate_profile,output_0_certificate_1,675,NAND,0.893444531623862,0.0
certificate_profile,output_0_certificate_1,675,NOR,0.893444531623862,0.0
certificate_profile,output_0_certificate_1,675,AND_OR_NOT,0.9306219267955016,0.0
certificate_profile,output_0_certificate_2,735,NAND,0.9011272031696584,0.007682671545796493
certificate_profile,output_0_certificate_2,735,NOR,0.9018814778056413,0.00843694618177937
certificate_profile,output_0_certificate_2,735,AND_OR_NOT,0.940773905509806,0.0101519787143044
certificate_profile,output_0_certificate_3,751,NAND,0.9032360121437417,0.00979148051987977
certificate_profile,output_0_certificate_3,751,NOR,0.9050106557735248,0.011566124149662849
certificate_profile,output_0_certificate_3,751,AND_OR_NOT,0.9444045694207921,0.013782642625290498
certificate_profile,output_0_certificate_4,719,NAND,0.897344096471027,0.003899564847165027
certificate_profile,output_0_certificate_4,719,NOR,0.8975318430744567,0.004087311450594711
certificate_profile,output_0_certificate_4,719,AND_OR_NOT,0.9362456710062815,0.005623744210779935
certificate_profile,output_1_certificate_0,675,NAND,0.893444531623862,0.0
certificate_profile,output_1_certificate_0,675,NOR,0.893444531623862,0.0
certificate_profile,output_1_certificate_0,675,AND_OR_NOT,0.9306219267955016,0.0
certificate_profile,output_1_certificate_1,675,NAND,0.893444531623862,0.0
certificate_profile,output_1_certificate_1,675,NOR,0.893444531623862,0.0
certificate_profile,output_1_certificate_1,675,AND_OR_NOT,0.9306219267955016,0.0
certificate_profile,output_1_certificate_2,735,NAND,0.9018814778056413,0.00843694618177937
certificate_profile,output_1_certificate_2,735,NOR,0.9011272031696584,0.007682671545796493
certificate_profile,output_1_certificate_2,735,AND_OR_NOT,0.940773905509806,0.0101519787143044
certificate_profile,output_1_certificate_3,751,NAND,0.9050106557735247,0.011566124149662738
certificate_profile,output_1_certificate_3,751,NOR,0.9032360121437417,0.00979148051987977
certificate_profile,output_1_certificate_3,751,AND_OR_NOT,0.9444045694207921,0.013782642625290498
certificate_profile,output_1_certificate_4,719,NAND,0.8975318430744567,0.004087311450594711
certificate_profile,output_1_certificate_4,719,NOR,0.897344096471027,0.003899564847165027
certificate_profile,output_1_certificate_4,719,AND_OR_NOT,0.9362456710062815,0.005623744210779935
