descriptor_class,functions,bias,influence_0,influence_1,influence_2,influence_3,fourier_energy_degree_0,fourier_energy_degree_1,fourier_energy_degree_2,fourier_energy_degree_3,fourier_energy_degree_4,algebraic_degree,input_symmetries,NAND_minimum,NAND_maximum,NAND_spread,NOR_minimum,NOR_maximum,NOR_spread,AND_OR_NOT_minimum,AND_OR_NOT_maximum,AND_OR_NOT_spread
0,1,-16,0,0,0,0,256,0,0,0,0,0,24,5,5,0,2,2,0,2,2,0
1,6,-14,2,2,2,2,196,16,24,16,4,4,4,10,10,0,7,7,0,4,4,0
2,8,-14,2,2,2,2,196,16,24,16,4,4,6,9,11,2,6,8,2,4,4,0
3,2,-14,2,2,2,2,196,16,24,16,4,4,24,8,14,6,5,11,6,3,4,1
4,24,-12,0,4,4,4,144,48,48,16,0,3,2,7,8,1,4,5,1,3,3,0
5,8,-12,0,4,4,4,144,48,48,16,0,3,6,6,10,4,3,7,4,2,3,1
6,4,-12,4,4,4,4,144,0,96,0,16,3,6,14,14,0,11,11,0,8,8,0
7,3,-12,4,4,4,4,144,0,96,0,16,3,8,12,12,0,9,9,0,8,8,0
8,1,-12,4,4,4,4,144,0,96,0,16,3,24,14,14,0,11,11,0,8,8,0
9,24,-12,4,4,4,4,144,16,48,48,0,3,2,11,13,2,8,10,2,7,7,0
10,8,-12,4,4,4,4,144,16,48,48,0,3,6,13,15,2,10,12,2,7,8,1
11,24,-12,4,4,4,4,144,32,32,32,16,3,2,11,12,1,8,9,1,6,7,1
12,24,-12,4,4,4,4,144,32,32,32,16,3,4,10,14,4,7,11,4,6,7,1
13,24,-10,2,2,6,6,100,80,56,16,4,4,1,9,9,0,6,6,0,5,5,0
14,48,-10,2,2,6,6,100,80,56,16,4,4,2,8,11,3,5,8,3,4,5,1
15,24,-10,2,2,6,6,100,80,56,16,4,4,4,7,10,3,4,7,3,3,4,1
16,48,-10,2,6,6,6,100,16,120,16,4,4,2,11,12,1,8,9,1,7,7,0
17,16,-10,2,6,6,6,100,16,120,16,4,4,6,11,14,3,8,11,3,7,8,1
18,96,-10,2,6,6,6,100,48,56,48,4,4,1,10,13,3,7,10,3,6,6,0
19,96,-10,2,6,6,6,100,48,56,48,4,4,2,10,14,4,7,11,4,6,7,1
20,24,-10,6,6,6,6,100,16,56,80,4,4,1,15,15,0,12,12,0,11,11,0
21,48,-10,6,6,6,6,100,16,56,80,4,4,2,13,16,3,10,13,3,10,12,2
22,24,-10,6,6,6,6,100,16,56,80,4,4,4,14,17,3,11,14,3,10,11,1
23,36,-10,6,6,6,6,100,16,88,16,36,4,2,14,16,2,11,13,2,9,10,1
24,6,-10,6,6,6,6,100,16,88,16,36,4,4,15,15,0,12,12,0,10,10,0
25,6,-10,6,6,6,6,100,16,88,16,36,4,8,15,17,2,12,14,2,10,11,1
26,48,-10,6,6,6,6,100,48,24,48,36,4,2,13,17,4,10,14,4,9,10,1
27,16,-10,6,6,6,6,100,48,24,48,36,4,6,13,18,5,10,15,5,9,9,0
28,12,-8,0,0,8,8,64,128,64,0,0,2,2,5,5,0,2,2,0,2,2,0
29,12,-8,0,0,8,8,64,128,64,0,0,2,4,3,6,3,1,3,2,1,2,1
30,12,-8,0,8,8,8,64,0,192,0,0,2,2,9,9,0,6,6,0,6,6,0
31,4,-8,0,8,8,8,64,0,192,0,0,2,6,11,11,0,8,8,0,6,6,0
32,48,-8,0,8,8,8,64,64,64,64,0,2,2,8,10,2,5,7,2,5,6,1
33,192,-8,4,4,4,8,64,96,64,32,0,3,1,8,11,3,5,8,3,5,6,1
34,48,-8,4,4,4,8,64,112,48,16,16,3,2,9,11,2,6,8,2,6,7,1
35,16,-8,4,4,4,8,64,112,48,16,16,3,6,8,12,4,7,9,2,5,6,1
36,48,-8,4,4,8,8,64,32,128,32,0,3,1,9,13,4,6,10,4,6,9,3
37,120,-8,4,4,8,8,64,32,128,32,0,3,2,8,13,5,5,10,5,6,10,4
38,24,-8,4,4,8,8,64,32,128,32,0,3,4,11,15,4,8,12,4,8,8,0
39,96,-8,4,4,8,8,64,48,112,16,16,3,1,11,13,2,8,10,2,7,8,1
40,96,-8,4,4,8,8,64,48,112,16,16,3,2,12,14,2,9,11,2,7,9,2
41,24,-8,4,4,8,8,64,64,64,64,0,3,1,12,12,0,9,9,0,9,9,0
42,48,-8,4,4,8,8,64,64,64,64,0,3,2,11,13,2,8,10,2,8,10,2
43,24,-8,4,4,8,8,64,64,64,64,0,3,4,12,15,3,9,12,3,8,9,1
44,96,-8,4,4,8,8,64,80,48,48,16,3,1,12,14,2,9,11,2,8,9,1
45,96,-8,4,4,8,8,64,80,48,48,16,3,2,10,14,4,7,11,4,7,8,1
46,96,-8,4,8,8,8,64,16,112,48,16,3,1,12,14,2,9,11,2,9,10,1
47,96,-8,4,8,8,8,64,16,112,48,16,3,2,12,16,4,9,13,4,9,11,2
48,192,-8,4,8,8,8,64,32,64,96,0,3,1,13,16,3,10,13,3,10,11,1
49,96,-8,4,8,8,8,64,48,48,80,16,3,1,13,16,3,10,13,3,10,11,1
50,96,-8,4,8,8,8,64,48,48,80,16,3,2,12,17,5,9,14,5,9,10,1
51,12,-8,8,8,8,8,64,0,64,128,0,2,2,17,17,0,14,14,0,13,13,0
52,12,-8,8,8,8,8,64,0,64,128,0,2,4,18,18,0,15,15,0,13,14,1
53,6,-8,8,8,8,8,64,0,128,0,64,2,4,14,14,0,11,11,0,9,9,0
54,6,-8,8,8,8,8,64,0,128,0,64,2,8,14,14,0,11,11,0,8,9,1
55,48,-8,8,8,8,8,64,16,48,112,16,3,2,17,19,2,14,16,2,13,15,2
56,16,-8,8,8,8,8,64,16,48,112,16,3,6,17,19,2,14,16,2,13,14,1
57,24,-8,8,8,8,8,64,32,64,32,64,3,1,17,17,0,14,14,0,13,13,0
58,72,-8,8,8,8,8,64,32,64,32,64,3,2,16,19,3,13,16,3,12,14,2
59,16,-8,8,8,8,8,64,64,0,64,64,2,6,16,19,3,13,16,3,12,13,1
60,6,-8,8,8,8,8,64,64,0,64,64,3,4,18,18,0,15,15,0,13,13,0
61,8,-8,8,8,8,8,64,64,0,64,64,3,6,17,20,3,14,17,3,13,14,1
62,2,-8,8,8,8,8,64,64,0,64,64,3,24,15,22,7,12,19,7,12,12,0
63,96,-6,2,2,6,10,36,144,56,16,4,4,1,6,8,2,4,6,2,4,5,1
64,96,-6,2,2,6,10,36,144,56,16,4,4,2,5,10,5,3,7,4,3,5,2
65,24,-6,2,2,10,10,36,80,120,16,4,4,1,10,10,0,8,8,0,6,6,0
66,48,-6,2,2,10,10,36,80,120,16,4,4,2,9,11,2,6,10,4,6,7,1
67,24,-6,2,2,10,10,36,80,120,16,4,4,4,8,13,5,5,11,6,6,7,1
68,96,-6,2,6,6,10,36,112,56,48,4,4,1,9,11,2,6,8,2,6,7,1
69,96,-6,2,6,6,10,36,112,56,48,4,4,2,9,13,4,6,10,4,6,7,1
70,96,-6,2,6,10,10,36,16,184,16,4,4,1,9,11,2,6,9,3,7,8,1
71,96,-6,2,6,10,10,36,16,184,16,4,4,2,10,13,3,8,10,2,7,9,2
72,96,-6,2,6,10,10,36,48,120,48,4,4,1,10,11,1,7,8,1,7,8,1
73,96,-6,2,6,10,10,36,48,120,48,4,4,2,10,12,2,8,9,1,7,9,2
74,96,-6,2,10,10,10,36,48,56,112,4,4,1,13,14,1,10,11,1,9,10,1
75,96,-6,2,10,10,10,36,48,56,112,4,4,2,12,16,4,9,13,4,9,10,1
76,144,-6,6,6,6,6,36,80,120,16,4,4,1,9,11,2,6,8,2,6,7,1
77,48,-6,6,6,6,6,36,80,120,16,4,4,2,9,12,3,7,9,2,6,8,2
78,96,-6,6,6,6,6,36,112,56,48,4,4,1,10,12,2,7,9,2,8,9,1
79,96,-6,6,6,6,6,36,112,56,48,4,4,2,9,13,4,8,10,2,7,8,1
80,6,-6,6,6,6,6,36,144,24,16,36,4,4,12,12,0,10,10,0,9,9,0
81,8,-6,6,6,6,6,36,144,24,16,36,4,6,11,14,3,9,12,3,9,10,1
82,2,-6,6,6,6,6,36,144,24,16,36,4,24,9,15,6,7,13,6,7,8,1
83,480,-6,6,6,6,10,36,48,120,48,4,4,1,10,15,5,8,12,4,8,11,3
84,144,-6,6,6,6,10,36,48,120,48,4,4,2,9,15,6,7,13,6,7,12,5
85,16,-6,6,6,6,10,36,48,120,48,4,4,6,13,16,3,10,14,4,10,10,0
86,384,-6,6,6,6,10,36,80,56,80,4,4,1,12,16,4,9,13,4,9,11,2
87,96,-6,6,6,6,10,36,80,88,16,36,4,1,13,14,1,11,11,0,10,11,1
88,96,-6,6,6,6,10,36,80,88,16,36,4,2,12,15,3,9,12,3,9,10,1
89,48,-6,6,6,6,10,36,112,24,48,36,4,2,13,15,2,10,12,2,9,10,1
90,16,-6,6,6,6,10,36,112,24,48,36,4,6,13,16,3,10,13,3,9,10,1
91,168,-6,6,6,10,10,36,16,120,80,4,4,1,13,15,2,10,12,2,9,11,2
92,96,-6,6,6,10,10,36,16,120,80,4,4,2,13,17,4,10,14,4,9,12,3
93,24,-6,6,6,10,10,36,16,120,80,4,4,4,15,16,1,12,14,2,11,12,1
94,24,-6,6,6,10,10,36,16,152,16,36,4,1,14,14,0,11,11,0,10,10,0
95,48,-6,6,6,10,10,36,16,152,16,36,4,2,13,15,2,10,12,2,8,10,2
96,24,-6,6,6,10,10,36,16,152,16,36,4,4,13,15,2,10,12,2,8,9,1
97,96,-6,6,6,10,10,36,48,56,112,4,4,1,15,17,2,13,14,1,12,13,1
98,96,-6,6,6,10,10,36,48,56,112,4,4,2,14,18,4,12,15,3,11,13,2
99,384,-6,6,6,10,10,36,48,88,48,36,4,1,13,18,5,11,15,4,10,12,2
100,24,-6,6,6,10,10,36,80,24,80,36,4,1,16,16,0,14,14,0,12,12,0
101,48,-6,6,6,10,10,36,80,24,80,36,4,2,14,17,3,11,16,5,11,12,1
102,24,-6,6,6,10,10,36,80,24,80,36,4,4,12,19,7,9,17,8,10,11,1
103,96,-6,6,10,10,10,36,16,56,144,4,4,1,17,18,1,14,16,2,13,14,1
104,96,-6,6,10,10,10,36,16,56,144,4,4,2,16,18,2,14,16,2,13,14,1
105,96,-6,6,10,10,10,36,16,88,80,36,4,1,16,19,3,13,16,3,13,14,1
106,96,-6,6,10,10,10,36,16,88,80,36,4,2,16,19,3,13,16,3,12,13,1
107,48,-6,6,10,10,10,36,48,24,112,36,4,2,16,19,3,13,16,3,13,14,1
108,16,-6,6,10,10,10,36,48,24,112,36,4,6,16,19,3,14,16,2,12,13,1
109,6,-6,10,10,10,10,36,16,24,144,36,4,4,21,21,0,18,18,0,17,17,0
110,8,-6,10,10,10,10,36,16,24,144,36,4,6,20,22,2,17,20,3,16,17,1
111,2,-6,10,10,10,10,36,16,24,144,36,4,24,21,24,3,19,22,3,16,17,1
112,36,-6,10,10,10,10,36,16,88,16,100,4,2,17,20,3,14,17,3,14,14,0
113,6,-6,10,10,10,10,36,16,88,16,100,4,4,19,19,0,16,16,0,12,12,0
114,6,-6,10,10,10,10,36,16,88,16,100,4,8,16,22,6,13,19,6,12,13,1
115,48,-6,10,10,10,10,36,48,24,48,100,4,2,18,22,4,15,19,4,15,16,1
116,16,-6,10,10,10,10,36,48,24,48,100,4,6,20,23,3,17,20,3,16,17,1
117,48,-4,0,4,4,12,16,176,48,16,0,3,1,4,6,2,3,4,1,3,4,1
118,48,-4,0,4,4,12,16,176,48,16,0,3,2,3,6,3,2,5,3,2,3,1
119,48,-4,0,4,12,12,16,48,176,16,0,3,1,7,8,1,5,6,1,5,5,0
120,48,-4,0,4,12,12,16,48,176,16,0,3,2,7,9,2,5,8,3,5,6,1
121,24,-4,0,12,12,12,16,48,48,144,0,3,2,11,12,1,9,10,1,8,9,1
122,8,-4,0,12,12,12,16,48,48,144,0,3,6,10,13,3,9,11,2,8,8,0
123,24,-4,4,4,4,12,16,144,48,48,0,3,2,10,11,1,7,8,1,7,8,1
124,8,-4,4,4,4,12,16,144,48,48,0,3,6,10,13,3,9,10,1,7,7,0
125,96,-4,4,4,4,12,16,160,32,32,16,3,2,7,11,4,6,9,3,6,7,1
126,96,-4,4,4,8,8,16,112,112,16,0,3,1,7,8,1,6,7,1,5,6,1
127,96,-4,4,4,8,8,16,112,112,16,0,3,2,6,10,4,5,8,3,5,6,1
128,24,-4,4,4,8,8,16,128,96,0,16,3,1,9,9,0,8,8,0,8,8,0
129,72,-4,4,4,8,8,16,128,96,0,16,3,2,7,11,4,6,9,3,6,8,2
130,192,-4,4,4,8,8,16,144,48,48,0,3,1,7,11,4,6,9,3,6,8,2
131,24,-4,4,4,8,8,16,160,32,32,16,3,1,9,9,0,8,8,0,8,8,0
132,48,-4,4,4,8,8,16,160,32,32,16,3,2,7,11,4,7,9,2,6,8,2
133,24,-4,4,4,8,8,16,160,32,32,16,3,4,6,11,5,7,9,2,5,7,2
134,96,-4,4,4,8,12,16,80,112,48,0,3,1,11,12,1,9,11,2,9,10,1
135,96,-4,4,4,8,12,16,80,112,48,0,3,2,11,13,2,8,12,4,8,10,2
136,384,-4,4,4,8,12,16,96,96,32,16,3,1,10,13,3,7,12,5,7,10,3
137,36,-4,4,4,12,12,16,0,224,0,16,3,2,11,14,3,9,11,2,8,10,2
138,12,-4,4,4,12,12,16,0,224,0,16,3,4,12,12,0,9,11,2,8,9,1
139,48,-4,4,4,12,12,16,16,176,48,0,3,1,11,12,1,8,10,2,9,9,0
140,48,-4,4,4,12,12,16,16,176,48,0,3,2,13,13,0,10,12,2,9,10,1
141,48,-4,4,4,12,12,16,32,160,32,16,3,2,11,12,1,8,10,2,7,9,2
142,48,-4,4,4,12,12,16,32,160,32,16,3,4,10,13,3,7,12,5,6,9,3
143,192,-4,4,8,8,8,16,48,176,16,0,3,1,10,12,2,8,9,1,8,9,1
144,384,-4,4,8,8,8,16,80,112,48,0,3,1,10,13,3,7,10,3,8,10,2
145,384,-4,4,8,8,8,16,96,96,32,16,3,1,10,14,4,8,11,3,8,10,2
146,96,-4,4,8,8,8,16,112,48,80,0,3,1,10,12,2,8,10,2,8,10,2
147,96,-4,4,8,8,8,16,112,48,80,0,3,2,9,14,5,8,11,3,8,9,1
148,192,-4,4,8,8,12,16,16,176,48,0,3,1,11,13,2,9,11,2,9,10,1
149,288,-4,4,8,8,12,16,32,160,32,16,3,1,10,14,4,9,12,3,8,11,3
150,96,-4,4,8,8,12,16,32,160,32,16,3,2,11,14,3,9,13,4,9,10,1
151,384,-4,4,8,8,12,16,48,112,80,0,3,1,10,13,3,9,11,2,8,10,2
152,96,-4,4,8,8,12,16,64,96,64,16,3,1,13,15,2,10,12,2,10,11,1
153,96,-4,4,8,8,12,16,64,96,64,16,3,2,13,16,3,11,14,3,10,11,1
154,96,-4,4,8,8,12,16,80,48,112,0,3,1,13,14,1,11,12,1,10,12,2
155,96,-4,4,8,8,12,16,80,48,112,0,3,2,13,16,3,11,13,2,10,12,2
156,96,-4,4,8,8,12,16,96,32,96,16,3,1,13,15,2,11,14,3,10,11,1
157,96,-4,4,8,8,12,16,96,32,96,16,3,2,12,17,5,11,15,4,10,12,2
158,384,-4,4,8,12,12,16,32,96,96,16,3,1,13,16,3,10,15,5,10,12,2
159,48,-4,4,12,12,12,16,16,48,176,0,3,1,16,17,1,14,15,1,13,14,1
160,48,-4,4,12,12,12,16,16,48,176,0,3,2,16,18,2,14,17,3,13,14,1
161,96,-4,4,12,12,12,16,32,32,160,16,3,2,15,18,3,13,16,3,12,13,1
162,144,-4,8,8,8,8,16,32,160,32,16,3,1,12,14,2,9,11,2,8,10,2
163,48,-4,8,8,8,8,16,32,160,32,16,3,2,13,15,2,10,12,2,8,10,2
164,96,-4,8,8,8,8,16,48,112,80,0,3,1,14,15,1,11,13,2,11,12,1
165,96,-4,8,8,8,8,16,48,112,80,0,3,2,13,16,3,10,14,4,10,12,2
166,240,-4,8,8,8,8,16,64,96,64,16,2,1,12,16,4,9,14,5,10,13,3
167,180,-4,8,8,8,8,16,64,96,64,16,2,2,11,17,6,9,14,5,9,11,2
168,12,-4,8,8,8,8,16,64,96,64,16,2,4,12,16,4,11,14,3,8,13,5
169,8,-4,8,8,8,8,16,64,96,64,16,2,6,16,16,0,14,16,2,13,14,1
170,6,-4,8,8,8,8,16,64,96,64,16,2,8,9,15,6,9,15,6,8,8,0
171,2,-4,8,8,8,8,16,64,96,64,16,2,24,16,17,1,15,15,0,12,12,0
172,48,-4,8,8,8,8,16,64,96,64,16,3,2,12,14,2,12,13,1,10,11,1
173,16,-4,8,8,8,8,16,64,96,64,16,3,6,12,15,3,10,14,4,9,10,1
174,96,-4,8,8,8,8,16,96,32,96,16,3,1,14,16,2,12,14,2,11,12,1
175,96,-4,8,8,8,8,16,96,32,96,16,3,2,13,16,3,11,15,4,10,12,2
176,48,-4,8,8,8,8,16,112,48,16,64,3,2,15,17,2,12,15,3,12,13,1
177,16,-4,8,8,8,8,16,112,48,16,64,3,6,15,17,2,13,15,2,11,13,2
178,96,-4,8,8,8,12,16,16,112,112,0,3,1,14,16,2,12,13,1,11,12,1
179,96,-4,8,8,8,12,16,16,112,112,0,3,2,14,16,2,12,14,2,11,12,1
180,384,-4,8,8,8,12,16,32,96,96,16,3,1,14,18,4,13,16,3,12,13,1
181,192,-4,8,8,8,12,16,48,48,144,0,3,1,15,18,3,13,15,2,13,14,1
182,96,-4,8,8,8,12,16,48,112,16,64,3,1,16,17,1,13,14,1,13,13,0
183,96,-4,8,8,8,12,16,48,112,16,64,3,2,14,17,3,12,15,3,10,12,2
184,96,-4,8,8,8,12,16,80,48,48,64,3,1,15,18,3,14,16,2,13,14,1
185,96,-4,8,8,8,12,16,80,48,48,64,3,2,14,20,6,12,18,6,12,14,2
186,24,-4,8,8,12,12,16,0,96,128,16,3,1,16,16,0,15,15,0,13,13,0
187,72,-4,8,8,12,12,16,0,96,128,16,3,2,16,18,2,13,17,4,12,14,2
188,96,-4,8,8,12,12,16,16,112,48,64,3,1,17,19,2,14,16,2,14,15,1
189,96,-4,8,8,12,12,16,16,112,48,64,3,2,16,20,4,13,18,5,12,14,2
190,24,-4,8,8,12,12,16,32,32,160,16,3,1,19,19,0,17,17,0,15,15,0
191,48,-4,8,8,12,12,16,32,32,160,16,3,2,17,19,2,16,19,3,14,16,2
192,24,-4,8,8,12,12,16,32,32,160,16,3,4,18,20,2,17,20,3,14,15,1
193,96,-4,8,8,12,12,16,48,48,80,64,3,1,16,20,4,15,18,3,14,15,1
194,96,-4,8,8,12,12,16,48,48,80,64,3,2,17,21,4,15,19,4,13,15,2
195,48,-4,8,12,12,12,16,16,48,112,64,3,2,19,21,2,17,20,3,15,16,1
196,16,-4,8,12,12,12,16,16,48,112,64,3,6,18,23,5,17,22,5,15,17,2
197,4,-4,12,12,12,12,16,0,96,0,144,3,6,23,23,0,21,21,0,18,18,0
198,3,-4,12,12,12,12,16,0,96,0,144,3,8,21,21,0,19,19,0,17,17,0
199,1,-4,12,12,12,12,16,0,96,0,144,3,24,21,21,0,19,19,0,16,16,0
200,24,-4,12,12,12,12,16,32,32,32,144,3,2,20,21,1,18,19,1,16,16,0
201,24,-4,12,12,12,12,16,32,32,32,144,3,4,19,23,4,17,21,4,15,16,1
202,48,-2,2,2,2,14,4,208,24,16,4,4,2,4,7,3,5,7,2,4,5,1
203,16,-2,2,2,2,14,4,208,24,16,4,4,6,5,8,3,4,9,5,3,4,1
204,24,-2,2,2,14,14,4,16,216,16,4,4,1,9,9,0,7,7,0,7,7,0
205,48,-2,2,2,14,14,4,16,216,16,4,4,2,8,10,2,6,9,3,6,7,1
206,24,-2,2,2,14,14,4,16,216,16,4,4,4,8,9,1,6,10,4,6,7,1
207,384,-2,2,6,6,10,4,144,88,16,4,4,1,7,9,2,4,8,4,5,7,2
208,96,-2,2,6,6,10,4,176,24,48,4,4,1,7,8,1,6,7,1,6,8,2
209,96,-2,2,6,6,10,4,176,24,48,4,4,2,6,10,4,7,9,2,5,7,2
210,96,-2,2,6,6,14,4,112,88,48,4,4,1,9,11,2,9,10,1,8,9,1
211,96,-2,2,6,6,14,4,112,88,48,4,4,2,9,13,4,7,12,5,7,8,1
212,384,-2,2,6,10,10,4,80,152,16,4,4,1,7,11,4,7,9,2,6,8,2
213,384,-2,2,6,10,14,4,48,152,48,4,4,1,8,12,4,8,11,3,7,9,2
214,48,-2,2,10,10,10,4,112,24,112,4,4,2,11,13,2,9,12,3,9,10,1
215,16,-2,2,10,10,10,4,112,24,112,4,4,6,10,15,5,9,14,5,9,10,1
216,96,-2,2,10,10,14,4,48,88,112,4,4,1,11,13,2,10,11,1,9,11,2
217,96,-2,2,10,10,14,4,48,88,112,4,4,2,11,14,3,10,12,2,9,10,1
218,48,-2,2,14,14,14,4,16,24,208,4,4,2,15,16,1,13,15,2,12,13,1
219,16,-2,2,14,14,14,4,16,24,208,4,4,6,15,17,2,14,17,3,12,13,1
220,36,-2,6,6,6,6,4,144,88,16,4,4,2,4,6,2,6,7,1,4,5,1
221,6,-2,6,6,6,6,4,144,88,16,4,4,4,5,5,0,5,5,0,4,4,0
222,6,-2,6,6,6,6,4,144,88,16,4,4,8,3,7,4,6,9,3,3,4,1
223,96,-2,6,6,6,10,4,80,152,16,4,4,1,8,10,2,9,10,1,8,9,1
224,96,-2,6,6,6,10,4,80,152,16,4,4,2,8,11,3,8,10,2,7,8,1
225,576,-2,6,6,6,10,4,112,88,48,4,4,1,7,13,6,7,11,4,7,11,4
226,192,-2,6,6,6,10,4,112,88,48,4,4,2,9,14,5,8,12,4,7,10,3
227,96,-2,6,6,6,10,4,144,24,80,4,4,1,10,12,2,9,11,2,9,10,1
228,96,-2,6,6,6,10,4,144,24,80,4,4,2,10,13,3,9,12,3,8,10,2
229,96,-2,6,6,6,10,4,144,56,16,36,4,1,10,11,1,10,11,1,9,11,2
230,96,-2,6,6,6,10,4,144,56,16,36,4,2,10,12,2,9,12,3,8,10,2
231,48,-2,6,6,6,14,4,112,24,112,4,4,2,14,16,2,12,14,2,11,13,2
232,16,-2,6,6,6,14,4,112,24,112,4,4,6,13,17,4,12,16,4,11,12,1
233,96,-2,6,6,6,14,4,112,56,48,36,4,1,12,14,2,11,14,3,10,11,1
234,96,-2,6,6,6,14,4,112,56,48,36,4,2,12,15,3,11,15,4,11,12,1
235,144,-2,6,6,10,10,4,16,216,16,4,4,1,11,13,2,9,11,2,9,10,1
236,48,-2,6,6,10,10,4,16,216,16,4,4,2,12,13,1,9,11,2,8,10,2
237,960,-2,6,6,10,10,4,48,152,48,4,4,1,10,14,4,8,12,4,7,11,4
238,192,-2,6,6,10,10,4,48,152,48,4,4,2,11,13,2,8,13,5,7,9,2
239,936,-2,6,6,10,10,4,80,88,80,4,4,1,11,14,3,9,14,5,9,12,3
240,96,-2,6,6,10,10,4,80,88,80,4,4,2,10,15,5,9,15,6,9,12,3
241,24,-2,6,6,10,10,4,80,88,80,4,4,4,12,14,2,12,15,3,10,11,1
242,168,-2,6,6,10,10,4,80,120,16,36,4,1,12,13,1,9,12,3,8,11,3
243,96,-2,6,6,10,10,4,80,120,16,36,4,2,11,14,3,9,13,4,8,11,3
244,24,-2,6,6,10,10,4,80,120,16,36,4,4,12,14,2,10,11,1,8,9,1
245,96,-2,6,6,10,10,4,112,56,48,36,4,1,12,14,2,12,13,1,10,12,2
246,96,-2,6,6,10,10,4,112,56,48,36,4,2,11,13,2,11,14,3,9,10,1
247,384,-2,6,6,10,14,4,16,152,80,4,4,1,11,14,3,10,13,3,10,11,1
248,96,-2,6,6,10,14,4,16,184,16,36,4,1,13,15,2,12,14,2,12,12,0
249,96,-2,6,6,10,14,4,16,184,16,36,4,2,12,15,3,12,14,2,10,12,2
250,96,-2,6,6,10,14,4,48,120,48,36,4,1,14,15,1,12,15,3,12,12,0
251,96,-2,6,6,10,14,4,48,120,48,36,4,2,12,16,4,12,15,3,10,12,2
252,24,-2,6,6,14,14,4,16,120,80,36,4,1,16,16,0,14,14,0,12,12,0
253,48,-2,6,6,14,14,4,16,120,80,36,4,2,14,17,3,12,15,3,11,12,1
254,24,-2,6,6,14,14,4,16,120,80,36,4,4,13,17,4,11,17,6,10,11,1
255,96,-2,6,10,10,10,4,16,152,80,4,4,1,13,14,1,13,15,2,11,12,1
256,96,-2,6,10,10,10,4,16,152,80,4,4,2,12,14,2,12,14,2,10,11,1
257,576,-2,6,10,10,10,4,48,88,112,4,4,1,12,16,4,11,15,4,10,13,3
258,192,-2,6,10,10,10,4,48,88,112,4,4,2,12,17,5,10,16,6,9,13,4
259,480,-2,6,10,10,10,4,48,120,48,36,4,1,12,17,5,10,15,5,10,13,3
260,144,-2,6,10,10,10,4,48,120,48,36,4,2,12,16,4,12,16,4,10,13,3
261,16,-2,6,10,10,10,4,48,120,48,36,4,6,14,16,2,15,15,0,11,13,2
262,96,-2,6,10,10,10,4,80,24,144,4,4,1,14,16,2,14,14,0,12,13,1
263,96,-2,6,10,10,10,4,80,24,144,4,4,2,14,17,3,13,15,2,12,13,1
264,384,-2,6,10,10,10,4,80,56,80,36,4,1,13,18,5,12,16,4,11,13,2
265,384,-2,6,10,10,14,4,16,88,144,4,4,1,15,17,2,13,17,4,12,13,1
266,96,-2,6,10,10,14,4,48,24,176,4,4,1,16,18,2,16,17,1,14,15,1
267,96,-2,6,10,10,14,4,48,24,176,4,4,2,17,19,2,16,18,2,14,15,1
268,96,-2,6,10,10,14,4,48,56,112,36,4,1,15,19,4,14,16,2,13,14,1
269,96,-2,6,10,10,14,4,48,56,112,36,4,2,16,19,3,15,18,3,13,14,1
270,96,-2,6,10,14,14,4,16,56,144,36,4,1,16,19,3,15,19,4,13,14,1
271,96,-2,6,10,14,14,4,16,56,144,36,4,2,16,20,4,15,19,4,13,15,2
272,36,-2,10,10,10,10,4,16,88,144,4,4,2,16,16,0,16,17,1,13,14,1
273,6,-2,10,10,10,10,4,16,88,144,4,4,4,15,15,0,16,16,0,13,13,0
274,6,-2,10,10,10,10,4,16,88,144,4,4,8,17,17,0,17,18,1,12,13,1
275,144,-2,10,10,10,10,4,16,120,80,36,4,1,15,19,4,14,16,2,13,14,1
276,48,-2,10,10,10,10,4,16,120,80,36,4,2,16,19,3,14,18,4,12,15,3
277,96,-2,10,10,10,10,4,48,56,112,36,4,1,16,18,2,16,18,2,14,15,1
278,96,-2,10,10,10,10,4,48,56,112,36,4,2,15,20,5,15,19,4,13,15,2
279,24,-2,10,10,10,10,4,80,56,16,100,4,1,18,18,0,17,17,0,14,14,0
280,48,-2,10,10,10,10,4,80,56,16,100,4,2,16,19,3,14,17,3,13,14,1
281,24,-2,10,10,10,10,4,80,56,16,100,4,4,16,19,3,13,19,6,12,13,1
282,48,-2,10,10,10,14,4,16,120,16,100,4,2,19,20,1,17,18,1,16,17,1
283,16,-2,10,10,10,14,4,16,120,16,100,4,6,18,21,3,16,19,3,14,16,2
284,96,-2,10,10,10,14,4,48,56,48,100,4,1,19,22,3,17,20,3,16,16,0
285,96,-2,10,10,10,14,4,48,56,48,100,4,2,18,21,3,16,21,5,14,17,3
286,24,-2,10,10,14,14,4,16,56,80,100,4,1,21,21,0,18,18,0,17,17,0
287,48,-2,10,10,14,14,4,16,56,80,100,4,2,19,22,3,17,22,5,15,17,2
288,24,-2,10,10,14,14,4,16,56,80,100,4,4,18,24,6,17,23,6,15,16,1
289,6,-2,14,14,14,14,4,16,24,16,196,4,4,23,23,0,23,23,0,19,19,0
290,8,-2,14,14,14,14,4,16,24,16,196,4,6,24,25,1,22,22,0,18,18,0
291,2,-2,14,14,14,14,4,16,24,16,196,4,24,23,26,3,21,24,3,17,18,1
292,8,0,0,0,0,16,0,256,0,0,0,1,6,0,1,1,0,1,1,0,1,1
293,12,0,0,0,16,16,0,0,256,0,0,1,4,5,5,0,5,5,0,4,4,0
294,96,0,0,8,8,8,0,128,128,0,0,2,1,4,6,2,4,6,2,4,5,1
295,24,0,0,8,8,8,0,192,0,64,0,2,2,6,6,0,6,6,0,5,6,1
296,8,0,0,8,8,8,0,192,0,64,0,2,6,6,7,1,6,7,1,4,5,1
297,48,0,0,8,8,16,0,64,128,64,0,2,1,8,9,1,8,9,1,7,8,1
298,48,0,0,8,8,16,0,64,128,64,0,2,2,7,9,2,7,9,2,6,6,0
299,8,0,0,16,16,16,0,0,0,256,0,1,6,13,14,1,13,14,1,11,12,1
300,96,0,4,4,4,12,0,160,64,32,0,3,1,8,9,1,8,9,1,7,8,1
301,96,0,4,4,4,12,0,160,64,32,0,3,2,6,10,4,6,10,4,6,7,1
302,96,0,4,4,4,12,0,176,48,16,16,3,1,7,9,2,7,9,2,7,8,1
303,96,0,4,4,4,12,0,176,48,16,16,3,2,8,11,3,8,11,3,7,8,1
304,48,0,4,4,4,12,0,192,0,64,0,3,2,8,9,1,8,9,1,7,9,2
305,16,0,4,4,4,12,0,192,0,64,0,3,6,9,10,1,9,10,1,6,8,2
306,48,0,4,4,4,16,0,144,48,48,16,3,2,10,13,3,10,13,3,9,10,1
307,16,0,4,4,4,16,0,144,48,48,16,3,6,9,13,4,9,13,4,8,8,0
308,144,0,4,4,8,8,0,160,64,32,0,3,1,5,6,1,5,6,1,5,6,1
309,48,0,4,4,8,8,0,160,64,32,0,3,2,6,7,1,6,7,1,4,7,3
310,384,0,4,4,8,12,0,96,128,32,0,3,1,7,10,3,7,10,3,6,8,2
311,384,0,4,4,12,12,0,32,192,32,0,3,1,8,10,2,8,10,2,7,8,1
312,96,0,4,4,12,12,0,48,176,16,16,3,1,10,11,1,10,11,1,9,9,0
313,96,0,4,4,12,12,0,48,176,16,16,3,2,9,11,2,9,11,2,8,9,1
314,96,0,4,4,12,16,0,16,176,48,16,3,1,11,13,2,11,13,2,10,10,0
315,96,0,4,4,12,16,0,16,176,48,16,3,2,9,13,4,9,13,4,8,10,2
316,384,0,4,8,8,8,0,96,128,32,0,3,1,8,11,3,8,11,3,8,9,1
317,192,0,4,8,8,8,0,112,112,16,16,3,1,7,10,3,7,10,3,7,8,1
318,192,0,4,8,8,8,0,112,112,16,16,3,2,7,11,4,7,11,4,6,7,1
319,384,0,4,8,8,8,0,144,48,48,16,3,1,9,11,2,9,11,2,8,10,2
320,384,0,4,8,8,12,0,48,176,16,16,3,1,8,13,5,8,13,5,8,10,2
321,384,0,4,8,8,12,0,64,128,64,0,3,1,9,12,3,9,12,3,9,11,2
322,768,0,4,8,8,12,0,80,112,48,16,3,1,9,14,5,9,14,5,8,11,3
323,192,0,4,8,8,12,0,96,64,96,0,3,1,12,13,1,12,13,1,10,12,2
324,192,0,4,8,8,12,0,96,64,96,0,3,2,11,15,4,11,15,4,10,11,1
325,192,0,4,8,8,12,0,112,48,80,16,3,1,11,13,2,11,13,2,9,11,2
326,192,0,4,8,8,12,0,112,48,80,16,3,2,10,14,4,10,14,4,9,11,2
327,384,0,4,8,12,12,0,32,128,96,0,3,1,11,14,3,11,14,3,10,12,2
328,192,0,4,8,12,12,0,48,112,80,16,3,1,10,15,5,10,15,5,10,11,1
329,192,0,4,8,12,12,0,48,112,80,16,3,2,10,14,4,10,14,4,9,10,1
330,96,0,4,12,12,12,0,32,64,160,0,3,1,13,14,1,13,14,1,11,12,1
331,96,0,4,12,12,12,0,32,64,160,0,3,2,12,15,3,12,15,3,11,12,1
332,48,0,4,12,12,12,0,48,48,144,16,3,2,15,17,2,15,17,2,13,14,1
333,16,0,4,12,12,12,0,48,48,144,16,3,6,15,18,3,15,18,3,14,14,0
334,48,0,4,12,12,12,0,64,0,192,0,3,2,16,16,0,16,16,0,13,14,1
335,16,0,4,12,12,12,0,64,0,192,0,3,6,16,18,2,16,18,2,13,15,2
336,96,0,4,12,12,16,0,16,48,176,16,3,1,15,17,2,15,17,2,13,14,1
337,96,0,4,12,12,16,0,16,48,176,16,3,2,15,18,3,15,18,3,13,14,1
338,24,0,8,8,8,8,0,0,256,0,0,2,2,12,12,0,12,12,0,11,11,0
339,48,0,8,8,8,8,0,32,192,32,0,3,1,9,12,3,9,12,3,9,9,0
340,144,0,8,8,8,8,0,32,192,32,0,3,2,9,14,5,9,14,5,8,9,1
341,48,0,8,8,8,8,0,64,128,64,0,2,1,13,13,0,13,13,0,11,12,1
342,144,0,8,8,8,8,0,64,128,64,0,2,2,8,14,6,8,14,6,7,12,5
343,72,0,8,8,8,8,0,64,128,64,0,3,2,9,13,4,9,13,4,8,9,1
344,12,0,8,8,8,8,0,64,128,64,0,3,4,9,12,3,9,12,3,9,9,0
345,12,0,8,8,8,8,0,64,128,64,0,3,8,9,15,6,9,15,6,8,8,0
346,192,0,8,8,8,8,0,80,112,48,16,3,1,10,14,4,10,14,4,9,11,2
347,192,0,8,8,8,8,0,80,112,48,16,3,2,10,15,5,10,15,5,9,11,2
348,384,0,8,8,8,8,0,96,64,96,0,3,1,10,13,3,10,13,3,10,12,2
349,48,0,8,8,8,8,0,128,0,128,0,2,2,12,15,3,12,15,3,11,12,1
350,24,0,8,8,8,8,0,128,64,0,64,2,2,11,11,0,11,11,0,10,10,0
351,24,0,8,8,8,8,0,128,64,0,64,2,4,11,11,0,11,11,0,8,9,1
352,384,0,8,8,8,12,0,16,176,48,16,3,1,12,15,3,12,15,3,11,13,2
353,384,0,8,8,8,12,0,32,128,96,0,3,1,12,14,2,12,14,2,11,12,1
354,768,0,8,8,8,12,0,48,112,80,16,3,1,12,16,4,12,16,4,10,12,2
355,192,0,8,8,8,12,0,80,48,112,16,3,1,14,17,3,14,17,3,13,14,1
356,192,0,8,8,8,12,0,80,48,112,16,3,2,14,18,4,14,18,4,13,15,2
357,384,0,8,8,8,12,0,96,64,32,64,3,1,13,17,4,13,17,4,11,14,3
358,96,0,8,8,8,16,0,0,128,128,0,2,1,13,14,1,13,14,1,11,12,1
359,24,0,8,8,8,16,0,0,192,0,64,2,2,15,16,1,15,16,1,14,14,0
360,8,0,8,8,8,16,0,0,192,0,64,2,6,15,16,1,15,16,1,12,12,0
361,24,0,8,8,8,16,0,64,0,192,0,2,2,17,18,1,17,18,1,15,16,1
362,8,0,8,8,8,16,0,64,0,192,0,2,6,19,19,0,19,19,0,15,16,1
363,96,0,8,8,8,16,0,64,64,64,64,2,2,15,17,2,15,17,2,13,14,1
364,192,0,8,8,12,12,0,16,112,112,16,3,1,13,17,4,13,17,4,12,13,1
365,192,0,8,8,12,12,0,16,112,112,16,3,2,14,17,3,14,17,3,11,13,2
366,144,0,8,8,12,12,0,32,64,160,0,3,1,15,16,1,15,16,1,13,14,1
367,48,0,8,8,12,12,0,32,64,160,0,3,2,16,18,2,16,18,2,13,14,1
368,96,0,8,8,12,12,0,32,128,32,64,3,1,15,17,2,15,17,2,14,15,1
369,240,0,8,8,12,12,0,32,128,32,64,3,2,13,18,5,13,18,5,12,15,3
370,48,0,8,8,12,12,0,32,128,32,64,3,4,14,17,3,14,17,3,12,13,1
371,384,0,8,8,12,12,0,48,48,144,16,3,1,15,18,3,15,18,3,13,14,1
372,48,0,8,8,12,12,0,64,64,64,64,3,1,16,17,1,16,17,1,14,14,0
373,96,0,8,8,12,12,0,64,64,64,64,3,2,14,19,5,14,19,5,13,14,1
374,48,0,8,8,12,12,0,64,64,64,64,3,4,13,19,6,13,19,6,12,13,1
375,24,0,8,8,16,16,0,0,64,128,64,2,2,17,18,1,17,18,1,14,14,0
376,24,0,8,8,16,16,0,0,64,128,64,2,4,15,21,6,15,21,6,13,14,1
377,384,0,8,12,12,12,0,32,64,96,64,3,1,17,21,4,17,21,4,14,16,2
378,48,0,12,12,12,12,0,48,48,16,144,3,2,20,22,2,20,22,2,17,17,0
379,16,0,12,12,12,12,0,48,48,16,144,3,6,20,22,2,20,22,2,16,17,1
380,48,0,12,12,12,16,0,16,48,48,144,3,2,21,23,2,21,23,2,19,19,0
381,16,0,12,12,12,16,0,16,48,48,144,3,6,20,24,4,20,24,4,17,18,1
382,2,0,16,16,16,16,0,0,0,0,256,1,24,23,23,0,23,23,0,18,18,0
383,48,2,2,2,2,14,4,208,24,16,4,4,2,5,7,2,4,7,3,4,5,1
384,16,2,2,2,2,14,4,208,24,16,4,4,6,4,9,5,5,8,3,3,4,1
385,24,2,2,2,14,14,4,16,216,16,4,4,1,7,7,0,9,9,0,7,7,0
386,48,2,2,2,14,14,4,16,216,16,4,4,2,6,9,3,8,10,2,6,7,1
387,24,2,2,2,14,14,4,16,216,16,4,4,4,6,10,4,8,9,1,6,7,1
388,384,2,2,6,6,10,4,144,88,16,4,4,1,4,8,4,7,9,2,5,7,2
389,96,2,2,6,6,10,4,176,24,48,4,4,1,6,7,1,7,8,1,6,8,2
390,96,2,2,6,6,10,4,176,24,48,4,4,2,7,9,2,6,10,4,5,7,2
391,96,2,2,6,6,14,4,112,88,48,4,4,1,9,10,1,9,11,2,8,9,1
392,96,2,2,6,6,14,4,112,88,48,4,4,2,7,12,5,9,13,4,7,8,1
393,384,2,2,6,10,10,4,80,152,16,4,4,1,7,9,2,7,11,4,6,8,2
394,384,2,2,6,10,14,4,48,152,48,4,4,1,8,11,3,8,12,4,7,9,2
395,48,2,2,10,10,10,4,112,24,112,4,4,2,9,12,3,11,13,2,9,10,1
396,16,2,2,10,10,10,4,112,24,112,4,4,6,9,14,5,10,15,5,9,10,1
397,96,2,2,10,10,14,4,48,88,112,4,4,1,10,11,1,11,13,2,9,11,2
398,96,2,2,10,10,14,4,48,88,112,4,4,2,10,12,2,11,14,3,9,10,1
399,48,2,2,14,14,14,4,16,24,208,4,4,2,13,15,2,15,16,1,12,13,1
400,16,2,2,14,14,14,4,16,24,208,4,4,6,14,17,3,15,17,2,12,13,1
401,36,2,6,6,6,6,4,144,88,16,4,4,2,6,7,1,4,6,2,4,5,1
402,6,2,6,6,6,6,4,144,88,16,4,4,4,5,5,0,5,5,0,4,4,0
403,6,2,6,6,6,6,4,144,88,16,4,4,8,6,9,3,3,7,4,3,4,1
404,96,2,6,6,6,10,4,80,152,16,4,4,1,9,10,1,8,10,2,8,9,1
405,96,2,6,6,6,10,4,80,152,16,4,4,2,8,10,2,8,11,3,7,8,1
406,576,2,6,6,6,10,4,112,88,48,4,4,1,7,11,4,7,13,6,7,11,4
407,192,2,6,6,6,10,4,112,88,48,4,4,2,8,12,4,9,14,5,7,10,3
408,96,2,6,6,6,10,4,144,24,80,4,4,1,9,11,2,10,12,2,9,10,1
409,96,2,6,6,6,10,4,144,24,80,4,4,2,9,12,3,10,13,3,8,10,2
410,96,2,6,6,6,10,4,144,56,16,36,4,1,10,11,1,10,11,1,9,11,2
411,96,2,6,6,6,10,4,144,56,16,36,4,2,9,12,3,10,12,2,8,10,2
412,48,2,6,6,6,14,4,112,24,112,4,4,2,12,14,2,14,16,2,11,13,2
413,16,2,6,6,6,14,4,112,24,112,4,4,6,12,16,4,13,17,4,11,12,1
414,96,2,6,6,6,14,4,112,56,48,36,4,1,11,14,3,12,14,2,10,11,1
415,96,2,6,6,6,14,4,112,56,48,36,4,2,11,15,4,12,15,3,11,12,1
416,144,2,6,6,10,10,4,16,216,16,4,4,1,9,11,2,11,13,2,9,10,1
417,48,2,6,6,10,10,4,16,216,16,4,4,2,9,11,2,12,13,1,8,10,2
418,960,2,6,6,10,10,4,48,152,48,4,4,1,8,12,4,10,14,4,7,11,4
419,192,2,6,6,10,10,4,48,152,48,4,4,2,8,13,5,11,13,2,7,9,2
420,936,2,6,6,10,10,4,80,88,80,4,4,1,9,14,5,11,14,3,9,12,3
421,96,2,6,6,10,10,4,80,88,80,4,4,2,9,15,6,10,15,5,9,12,3
422,24,2,6,6,10,10,4,80,88,80,4,4,4,12,15,3,12,14,2,10,11,1
423,168,2,6,6,10,10,4,80,120,16,36,4,1,9,12,3,12,13,1,8,11,3
424,96,2,6,6,10,10,4,80,120,16,36,4,2,9,13,4,11,14,3,8,11,3
425,24,2,6,6,10,10,4,80,120,16,36,4,4,10,11,1,12,14,2,8,9,1
426,96,2,6,6,10,10,4,112,56,48,36,4,1,12,13,1,12,14,2,10,12,2
427,96,2,6,6,10,10,4,112,56,48,36,4,2,11,14,3,11,13,2,9,10,1
428,384,2,6,6,10,14,4,16,152,80,4,4,1,10,13,3,11,14,3,10,11,1
429,96,2,6,6,10,14,4,16,184,16,36,4,1,12,14,2,13,15,2,12,12,0
430,96,2,6,6,10,14,4,16,184,16,36,4,2,12,14,2,12,15,3,10,12,2
431,96,2,6,6,10,14,4,48,120,48,36,4,1,12,15,3,14,15,1,12,12,0
432,96,2,6,6,10,14,4,48,120,48,36,4,2,12,15,3,12,16,4,10,12,2
433,24,2,6,6,14,14,4,16,120,80,36,4,1,14,14,0,16,16,0,12,12,0
434,48,2,6,6,14,14,4,16,120,80,36,4,2,12,15,3,14,17,3,11,12,1
435,24,2,6,6,14,14,4,16,120,80,36,4,4,11,17,6,13,17,4,10,11,1
436,96,2,6,10,10,10,4,16,152,80,4,4,1,13,15,2,13,14,1,11,12,1
437,96,2,6,10,10,10,4,16,152,80,4,4,2,12,14,2,12,14,2,10,11,1
438,576,2,6,10,10,10,4,48,88,112,4,4,1,11,15,4,12,16,4,10,13,3
439,192,2,6,10,10,10,4,48,88,112,4,4,2,10,16,6,12,17,5,9,13,4
440,480,2,6,10,10,10,4,48,120,48,36,4,1,10,15,5,12,17,5,10,13,3
441,144,2,6,10,10,10,4,48,120,48,36,4,2,12,16,4,12,16,4,10,13,3
442,16,2,6,10,10,10,4,48,120,48,36,4,6,15,15,0,14,16,2,11,13,2
443,96,2,6,10,10,10,4,80,24,144,4,4,1,14,14,0,14,16,2,12,13,1
444,96,2,6,10,10,10,4,80,24,144,4,4,2,13,15,2,14,17,3,12,13,1
445,384,2,6,10,10,10,4,80,56,80,36,4,1,12,16,4,13,18,5,11,13,2
446,384,2,6,10,10,14,4,16,88,144,4,4,1,13,17,4,15,17,2,12,13,1
447,96,2,6,10,10,14,4,48,24,176,4,4,1,16,17,1,16,18,2,14,15,1
448,96,2,6,10,10,14,4,48,24,176,4,4,2,16,18,2,17,19,2,14,15,1
449,96,2,6,10,10,14,4,48,56,112,36,4,1,14,16,2,15,19,4,13,14,1
450,96,2,6,10,10,14,4,48,56,112,36,4,2,15,18,3,16,19,3,13,14,1
451,96,2,6,10,14,14,4,16,56,144,36,4,1,15,19,4,16,19,3,13,14,1
452,96,2,6,10,14,14,4,16,56,144,36,4,2,15,19,4,16,20,4,13,15,2
453,36,2,10,10,10,10,4,16,88,144,4,4,2,16,17,1,16,16,0,13,14,1
454,6,2,10,10,10,10,4,16,88,144,4,4,4,16,16,0,15,15,0,13,13,0
455,6,2,10,10,10,10,4,16,88,144,4,4,8,17,18,1,17,17,0,12,13,1
456,144,2,10,10,10,10,4,16,120,80,36,4,1,14,16,2,15,19,4,13,14,1
457,48,2,10,10,10,10,4,16,120,80,36,4,2,14,18,4,16,19,3,12,15,3
458,96,2,10,10,10,10,4,48,56,112,36,4,1,16,18,2,16,18,2,14,15,1
459,96,2,10,10,10,10,4,48,56,112,36,4,2,15,19,4,15,20,5,13,15,2
460,24,2,10,10,10,10,4,80,56,16,100,4,1,17,17,0,18,18,0,14,14,0
461,48,2,10,10,10,10,4,80,56,16,100,4,2,14,17,3,16,19,3,13,14,1
462,24,2,10,10,10,10,4,80,56,16,100,4,4,13,19,6,16,19,3,12,13,1
463,48,2,10,10,10,14,4,16,120,16,100,4,2,17,18,1,19,20,1,16,17,1
464,16,2,10,10,10,14,4,16,120,16,100,4,6,16,19,3,18,21,3,14,16,2
465,96,2,10,10,10,14,4,48,56,48,100,4,1,17,20,3,19,22,3,16,16,0
466,96,2,10,10,10,14,4,48,56,48,100,4,2,16,21,5,18,21,3,14,17,3
467,24,2,10,10,14,14,4,16,56,80,100,4,1,18,18,0,21,21,0,17,17,0
468,48,2,10,10,14,14,4,16,56,80,100,4,2,17,22,5,19,22,3,15,17,2
469,24,2,10,10,14,14,4,16,56,80,100,4,4,17,23,6,18,24,6,15,16,1
470,6,2,14,14,14,14,4,16,24,16,196,4,4,23,23,0,23,23,0,19,19,0
471,8,2,14,14,14,14,4,16,24,16,196,4,6,22,22,0,24,25,1,18,18,0
472,2,2,14,14,14,14,4,16,24,16,196,4,24,21,24,3,23,26,3,17,18,1
473,48,4,0,4,4,12,16,176,48,16,0,3,1,3,4,1,4,6,2,3,4,1
474,48,4,0,4,4,12,16,176,48,16,0,3,2,2,5,3,3,6,3,2,3,1
475,48,4,0,4,12,12,16,48,176,16,0,3,1,5,6,1,7,8,1,5,5,0
476,48,4,0,4,12,12,16,48,176,16,0,3,2,5,8,3,7,9,2,5,6,1
477,24,4,0,12,12,12,16,48,48,144,0,3,2,9,10,1,11,12,1,8,9,1
478,8,4,0,12,12,12,16,48,48,144,0,3,6,9,11,2,10,13,3,8,8,0
479,24,4,4,4,4,12,16,144,48,48,0,3,2,7,8,1,10,11,1,7,8,1
480,8,4,4,4,4,12,16,144,48,48,0,3,6,9,10,1,10,13,3,7,7,0
481,96,4,4,4,4,12,16,160,32,32,16,3,2,6,9,3,7,11,4,6,7,1
482,96,4,4,4,8,8,16,112,112,16,0,3,1,6,7,1,7,8,1,5,6,1
483,96,4,4,4,8,8,16,112,112,16,0,3,2,5,8,3,6,10,4,5,6,1
484,24,4,4,4,8,8,16,128,96,0,16,3,1,8,8,0,9,9,0,8,8,0
485,72,4,4,4,8,8,16,128,96,0,16,3,2,6,9,3,7,11,4,6,8,2
486,192,4,4,4,8,8,16,144,48,48,0,3,1,6,9,3,7,11,4,6,8,2
487,24,4,4,4,8,8,16,160,32,32,16,3,1,8,8,0,9,9,0,8,8,0
488,48,4,4,4,8,8,16,160,32,32,16,3,2,7,9,2,7,11,4,6,8,2
489,24,4,4,4,8,8,16,160,32,32,16,3,4,7,9,2,6,11,5,5,7,2
490,96,4,4,4,8,12,16,80,112,48,0,3,1,9,11,2,11,12,1,9,10,1
491,96,4,4,4,8,12,16,80,112,48,0,3,2,8,12,4,11,13,2,8,10,2
492,384,4,4,4,8,12,16,96,96,32,16,3,1,7,12,5,10,13,3,7,10,3
493,36,4,4,4,12,12,16,0,224,0,16,3,2,9,11,2,11,14,3,8,10,2
494,12,4,4,4,12,12,16,0,224,0,16,3,4,9,11,2,12,12,0,8,9,1
495,48,4,4,4,12,12,16,16,176,48,0,3,1,8,10,2,11,12,1,9,9,0
496,48,4,4,4,12,12,16,16,176,48,0,3,2,10,12,2,13,13,0,9,10,1
497,48,4,4,4,12,12,16,32,160,32,16,3,2,8,10,2,11,12,1,7,9,2
498,48,4,4,4,12,12,16,32,160,32,16,3,4,7,12,5,10,13,3,6,9,3
499,192,4,4,8,8,8,16,48,176,16,0,3,1,8,9,1,10,12,2,8,9,1
500,384,4,4,8,8,8,16,80,112,48,0,3,1,7,10,3,10,13,3,8,10,2
501,384,4,4,8,8,8,16,96,96,32,16,3,1,8,11,3,10,14,4,8,10,2
502,96,4,4,8,8,8,16,112,48,80,0,3,1,8,10,2,10,12,2,8,10,2
503,96,4,4,8,8,8,16,112,48,80,0,3,2,8,11,3,9,14,5,8,9,1
504,192,4,4,8,8,12,16,16,176,48,0,3,1,9,11,2,11,13,2,9,10,1
505,288,4,4,8,8,12,16,32,160,32,16,3,1,9,12,3,10,14,4,8,11,3
506,96,4,4,8,8,12,16,32,160,32,16,3,2,9,13,4,11,14,3,9,10,1
507,384,4,4,8,8,12,16,48,112,80,0,3,1,9,11,2,10,13,3,8,10,2
508,96,4,4,8,8,12,16,64,96,64,16,3,1,10,12,2,13,15,2,10,11,1
509,96,4,4,8,8,12,16,64,96,64,16,3,2,11,14,3,13,16,3,10,11,1
510,96,4,4,8,8,12,16,80,48,112,0,3,1,11,12,1,13,14,1,10,12,2
511,96,4,4,8,8,12,16,80,48,112,0,3,2,11,13,2,13,16,3,10,12,2
512,96,4,4,8,8,12,16,96,32,96,16,3,1,11,14,3,13,15,2,10,11,1
513,96,4,4,8,8,12,16,96,32,96,16,3,2,11,15,4,12,17,5,10,12,2
514,384,4,4,8,12,12,16,32,96,96,16,3,1,10,15,5,13,16,3,10,12,2
515,48,4,4,12,12,12,16,16,48,176,0,3,1,14,15,1,16,17,1,13,14,1
516,48,4,4,12,12,12,16,16,48,176,0,3,2,14,17,3,16,18,2,13,14,1
517,96,4,4,12,12,12,16,32,32,160,16,3,2,13,16,3,15,18,3,12,13,1
518,144,4,8,8,8,8,16,32,160,32,16,3,1,9,11,2,12,14,2,8,10,2
519,48,4,8,8,8,8,16,32,160,32,16,3,2,10,12,2,13,15,2,8,10,2
520,96,4,8,8,8,8,16,48,112,80,0,3,1,11,13,2,14,15,1,11,12,1
521,96,4,8,8,8,8,16,48,112,80,0,3,2,10,14,4,13,16,3,10,12,2
522,240,4,8,8,8,8,16,64,96,64,16,2,1,9,14,5,12,16,4,10,13,3
523,180,4,8,8,8,8,16,64,96,64,16,2,2,9,14,5,11,17,6,9,11,2
524,12,4,8,8,8,8,16,64,96,64,16,2,4,11,14,3,12,16,4,8,13,5
525,8,4,8,8,8,8,16,64,96,64,16,2,6,14,16,2,16,16,0,13,14,1
526,6,4,8,8,8,8,16,64,96,64,16,2,8,9,15,6,9,15,6,8,8,0
527,2,4,8,8,8,8,16,64,96,64,16,2,24,15,15,0,16,17,1,12,12,0
528,48,4,8,8,8,8,16,64,96,64,16,3,2,12,13,1,12,14,2,10,11,1
529,16,4,8,8,8,8,16,64,96,64,16,3,6,10,14,4,12,15,3,9,10,1
530,96,4,8,8,8,8,16,96,32,96,16,3,1,12,14,2,14,16,2,11,12,1
531,96,4,8,8,8,8,16,96,32,96,16,3,2,11,15,4,13,16,3,10,12,2
532,48,4,8,8,8,8,16,112,48,16,64,3,2,12,15,3,15,17,2,12,13,1
533,16,4,8,8,8,8,16,112,48,16,64,3,6,13,15,2,15,17,2,11,13,2
534,96,4,8,8,8,12,16,16,112,112,0,3,1,12,13,1,14,16,2,11,12,1
535,96,4,8,8,8,12,16,16,112,112,0,3,2,12,14,2,14,16,2,11,12,1
536,384,4,8,8,8,12,16,32,96,96,16,3,1,13,16,3,14,18,4,12,13,1
537,192,4,8,8,8,12,16,48,48,144,0,3,1,13,15,2,15,18,3,13,14,1
538,96,4,8,8,8,12,16,48,112,16,64,3,1,13,14,1,16,17,1,13,13,0
539,96,4,8,8,8,12,16,48,112,16,64,3,2,12,15,3,14,17,3,10,12,2
540,96,4,8,8,8,12,16,80,48,48,64,3,1,14,16,2,15,18,3,13,14,1
541,96,4,8,8,8,12,16,80,48,48,64,3,2,12,18,6,14,20,6,12,14,2
542,24,4,8,8,12,12,16,0,96,128,16,3,1,15,15,0,16,16,0,13,13,0
543,72,4,8,8,12,12,16,0,96,128,16,3,2,13,17,4,16,18,2,12,14,2
544,96,4,8,8,12,12,16,16,112,48,64,3,1,14,16,2,17,19,2,14,15,1
545,96,4,8,8,12,12,16,16,112,48,64,3,2,13,18,5,16,20,4,12,14,2
546,24,4,8,8,12,12,16,32,32,160,16,3,1,17,17,0,19,19,0,15,15,0
547,48,4,8,8,12,12,16,32,32,160,16,3,2,16,19,3,17,19,2,14,16,2
548,24,4,8,8,12,12,16,32,32,160,16,3,4,17,20,3,18,20,2,14,15,1
549,96,4,8,8,12,12,16,48,48,80,64,3,1,15,18,3,16,20,4,14,15,1
550,96,4,8,8,12,12,16,48,48,80,64,3,2,15,19,4,17,21,4,13,15,2
551,48,4,8,12,12,12,16,16,48,112,64,3,2,17,20,3,19,21,2,15,16,1
552,16,4,8,12,12,12,16,16,48,112,64,3,6,17,22,5,18,23,5,15,17,2
553,4,4,12,12,12,12,16,0,96,0,144,3,6,21,21,0,23,23,0,18,18,0
554,3,4,12,12,12,12,16,0,96,0,144,3,8,19,19,0,21,21,0,17,17,0
555,1,4,12,12,12,12,16,0,96,0,144,3,24,19,19,0,21,21,0,16,16,0
556,24,4,12,12,12,12,16,32,32,32,144,3,2,18,19,1,20,21,1,16,16,0
557,24,4,12,12,12,12,16,32,32,32,144,3,4,17,21,4,19,23,4,15,16,1
558,96,6,2,2,6,10,36,144,56,16,4,4,1,4,6,2,6,8,2,4,5,1
559,96,6,2,2,6,10,36,144,56,16,4,4,2,3,7,4,5,10,5,3,5,2
560,24,6,2,2,10,10,36,80,120,16,4,4,1,8,8,0,10,10,0,6,6,0
561,48,6,2,2,10,10,36,80,120,16,4,4,2,6,10,4,9,11,2,6,7,1
562,24,6,2,2,10,10,36,80,120,16,4,4,4,5,11,6,8,13,5,6,7,1
563,96,6,2,6,6,10,36,112,56,48,4,4,1,6,8,2,9,11,2,6,7,1
564,96,6,2,6,6,10,36,112,56,48,4,4,2,6,10,4,9,13,4,6,7,1
565,96,6,2,6,10,10,36,16,184,16,4,4,1,6,9,3,9,11,2,7,8,1
566,96,6,2,6,10,10,36,16,184,16,4,4,2,8,10,2,10,13,3,7,9,2
567,96,6,2,6,10,10,36,48,120,48,4,4,1,7,8,1,10,11,1,7,8,1
568,96,6,2,6,10,10,36,48,120,48,4,4,2,8,9,1,10,12,2,7,9,2
569,96,6,2,10,10,10,36,48,56,112,4,4,1,10,11,1,13,14,1,9,10,1
570,96,6,2,10,10,10,36,48,56,112,4,4,2,9,13,4,12,16,4,9,10,1
571,144,6,6,6,6,6,36,80,120,16,4,4,1,6,8,2,9,11,2,6,7,1
572,48,6,6,6,6,6,36,80,120,16,4,4,2,7,9,2,9,12,3,6,8,2
573,96,6,6,6,6,6,36,112,56,48,4,4,1,7,9,2,10,12,2,8,9,1
574,96,6,6,6,6,6,36,112,56,48,4,4,2,8,10,2,9,13,4,7,8,1
575,6,6,6,6,6,6,36,144,24,16,36,4,4,10,10,0,12,12,0,9,9,0
576,8,6,6,6,6,6,36,144,24,16,36,4,6,9,12,3,11,14,3,9,10,1
577,2,6,6,6,6,6,36,144,24,16,36,4,24,7,13,6,9,15,6,7,8,1
578,480,6,6,6,6,10,36,48,120,48,4,4,1,8,12,4,10,15,5,8,11,3
579,144,6,6,6,6,10,36,48,120,48,4,4,2,7,13,6,9,15,6,7,12,5
580,16,6,6,6,6,10,36,48,120,48,4,4,6,10,14,4,13,16,3,10,10,0
581,384,6,6,6,6,10,36,80,56,80,4,4,1,9,13,4,12,16,4,9,11,2
582,96,6,6,6,6,10,36,80,88,16,36,4,1,11,11,0,13,14,1,10,11,1
583,96,6,6,6,6,10,36,80,88,16,36,4,2,9,12,3,12,15,3,9,10,1
584,48,6,6,6,6,10,36,112,24,48,36,4,2,10,12,2,13,15,2,9,10,1
585,16,6,6,6,6,10,36,112,24,48,36,4,6,10,13,3,13,16,3,9,10,1
586,168,6,6,6,10,10,36,16,120,80,4,4,1,10,12,2,13,15,2,9,11,2
587,96,6,6,6,10,10,36,16,120,80,4,4,2,10,14,4,13,17,4,9,12,3
588,24,6,6,6,10,10,36,16,120,80,4,4,4,12,14,2,15,16,1,11,12,1
589,24,6,6,6,10,10,36,16,152,16,36,4,1,11,11,0,14,14,0,10,10,0
590,48,6,6,6,10,10,36,16,152,16,36,4,2,10,12,2,13,15,2,8,10,2
591,24,6,6,6,10,10,36,16,152,16,36,4,4,10,12,2,13,15,2,8,9,1
592,96,6,6,6,10,10,36,48,56,112,4,4,1,13,14,1,15,17,2,12,13,1
593,96,6,6,6,10,10,36,48,56,112,4,4,2,12,15,3,14,18,4,11,13,2
594,384,6,6,6,10,10,36,48,88,48,36,4,1,11,15,4,13,18,5,10,12,2
595,24,6,6,6,10,10,36,80,24,80,36,4,1,14,14,0,16,16,0,12,12,0
596,48,6,6,6,10,10,36,80,24,80,36,4,2,11,16,5,14,17,3,11,12,1
597,24,6,6,6,10,10,36,80,24,80,36,4,4,9,17,8,12,19,7,10,11,1
598,96,6,6,10,10,10,36,16,56,144,4,4,1,14,16,2,17,18,1,13,14,1
599,96,6,6,10,10,10,36,16,56,144,4,4,2,14,16,2,16,18,2,13,14,1
600,96,6,6,10,10,10,36,16,88,80,36,4,1,13,16,3,16,19,3,13,14,1
601,96,6,6,10,10,10,36,16,88,80,36,4,2,13,16,3,16,19,3,12,13,1
602,48,6,6,10,10,10,36,48,24,112,36,4,2,13,16,3,16,19,3,13,14,1
603,16,6,6,10,10,10,36,48,24,112,36,4,6,14,16,2,16,19,3,12,13,1
604,6,6,10,10,10,10,36,16,24,144,36,4,4,18,18,0,21,21,0,17,17,0
605,8,6,10,10,10,10,36,16,24,144,36,4,6,17,20,3,20,22,2,16,17,1
606,2,6,10,10,10,10,36,16,24,144,36,4,24,19,22,3,21,24,3,16,17,1
607,36,6,10,10,10,10,36,16,88,16,100,4,2,14,17,3,17,20,3,14,14,0
608,6,6,10,10,10,10,36,16,88,16,100,4,4,16,16,0,19,19,0,12,12,0
609,6,6,10,10,10,10,36,16,88,16,100,4,8,13,19,6,16,22,6,12,13,1
610,48,6,10,10,10,10,36,48,24,48,100,4,2,15,19,4,18,22,4,15,16,1
611,16,6,10,10,10,10,36,48,24,48,100,4,6,17,20,3,20,23,3,16,17,1
612,12,8,0,0,8,8,64,128,64,0,0,2,2,2,2,0,5,5,0,2,2,0
613,12,8,0,0,8,8,64,128,64,0,0,2,4,1,3,2,3,6,3,1,2,1
614,12,8,0,8,8,8,64,0,192,0,0,2,2,6,6,0,9,9,0,6,6,0
615,4,8,0,8,8,8,64,0,192,0,0,2,6,8,8,0,11,11,0,6,6,0
616,48,8,0,8,8,8,64,64,64,64,0,2,2,5,7,2,8,10,2,5,6,1
617,192,8,4,4,4,8,64,96,64,32,0,3,1,5,8,3,8,11,3,5,6,1
618,48,8,4,4,4,8,64,112,48,16,16,3,2,6,8,2,9,11,2,6,7,1
619,16,8,4,4,4,8,64,112,48,16,16,3,6,7,9,2,8,12,4,5,6,1
620,48,8,4,4,8,8,64,32,128,32,0,3,1,6,10,4,9,13,4,6,9,3
621,120,8,4,4,8,8,64,32,128,32,0,3,2,5,10,5,8,13,5,6,10,4
622,24,8,4,4,8,8,64,32,128,32,0,3,4,8,12,4,11,15,4,8,8,0
623,96,8,4,4,8,8,64,48,112,16,16,3,1,8,10,2,11,13,2,7,8,1
624,96,8,4,4,8,8,64,48,112,16,16,3,2,9,11,2,12,14,2,7,9,2
625,24,8,4,4,8,8,64,64,64,64,0,3,1,9,9,0,12,12,0,9,9,0
626,48,8,4,4,8,8,64,64,64,64,0,3,2,8,10,2,11,13,2,8,10,2
627,24,8,4,4,8,8,64,64,64,64,0,3,4,9,12,3,12,15,3,8,9,1
628,96,8,4,4,8,8,64,80,48,48,16,3,1,9,11,2,12,14,2,8,9,1
629,96,8,4,4,8,8,64,80,48,48,16,3,2,7,11,4,10,14,4,7,8,1
630,96,8,4,8,8,8,64,16,112,48,16,3,1,9,11,2,12,14,2,9,10,1
631,96,8,4,8,8,8,64,16,112,48,16,3,2,9,13,4,12,16,4,9,11,2
632,192,8,4,8,8,8,64,32,64,96,0,3,1,10,13,3,13,16,3,10,11,1
633,96,8,4,8,8,8,64,48,48,80,16,3,1,10,13,3,13,16,3,10,11,1
634,96,8,4,8,8,8,64,48,48,80,16,3,2,9,14,5,12,17,5,9,10,1
635,12,8,8,8,8,8,64,0,64,128,0,2,2,14,14,0,17,17,0,13,13,0
636,12,8,8,8,8,8,64,0,64,128,0,2,4,15,15,0,18,18,0,13,14,1
637,6,8,8,8,8,8,64,0,128,0,64,2,4,11,11,0,14,14,0,9,9,0
638,6,8,8,8,8,8,64,0,128,0,64,2,8,11,11,0,14,14,0,8,9,1
639,48,8,8,8,8,8,64,16,48,112,16,3,2,14,16,2,17,19,2,13,15,2
640,16,8,8,8,8,8,64,16,48,112,16,3,6,14,16,2,17,19,2,13,14,1
641,24,8,8,8,8,8,64,32,64,32,64,3,1,14,14,0,17,17,0,13,13,0
642,72,8,8,8,8,8,64,32,64,32,64,3,2,13,16,3,16,19,3,12,14,2
643,16,8,8,8,8,8,64,64,0,64,64,2,6,13,16,3,16,19,3,12,13,1
644,6,8,8,8,8,8,64,64,0,64,64,3,4,15,15,0,18,18,0,13,13,0
645,8,8,8,8,8,8,64,64,0,64,64,3,6,14,17,3,17,20,3,13,14,1
646,2,8,8,8,8,8,64,64,0,64,64,3,24,12,19,7,15,22,7,12,12,0
647,24,10,2,2,6,6,100,80,56,16,4,4,1,6,6,0,9,9,0,5,5,0
648,48,10,2,2,6,6,100,80,56,16,4,4,2,5,8,3,8,11,3,4,5,1
649,24,10,2,2,6,6,100,80,56,16,4,4,4,4,7,3,7,10,3,3,4,1
650,48,10,2,6,6,6,100,16,120,16,4,4,2,8,9,1,11,12,1,7,7,0
651,16,10,2,6,6,6,100,16,120,16,4,4,6,8,11,3,11,14,3,7,8,1
652,96,10,2,6,6,6,100,48,56,48,4,4,1,7,10,3,10,13,3,6,6,0
653,96,10,2,6,6,6,100,48,56,48,4,4,2,7,11,4,10,14,4,6,7,1
654,24,10,6,6,6,6,100,16,56,80,4,4,1,12,12,0,15,15,0,11,11,0
655,48,10,6,6,6,6,100,16,56,80,4,4,2,10,13,3,13,16,3,10,12,2
656,24,10,6,6,6,6,100,16,56,80,4,4,4,11,14,3,14,17,3,10,11,1
657,36,10,6,6,6,6,100,16,88,16,36,4,2,11,13,2,14,16,2,9,10,1
658,6,10,6,6,6,6,100,16,88,16,36,4,4,12,12,0,15,15,0,10,10,0
659,6,10,6,6,6,6,100,16,88,16,36,4,8,12,14,2,15,17,2,10,11,1
660,48,10,6,6,6,6,100,48,24,48,36,4,2,10,14,4,13,17,4,9,10,1
661,16,10,6,6,6,6,100,48,24,48,36,4,6,10,15,5,13,18,5,9,9,0
662,24,12,0,4,4,4,144,48,48,16,0,3,2,4,5,1,7,8,1,3,3,0
663,8,12,0,4,4,4,144,48,48,16,0,3,6,3,7,4,6,10,4,2,3,1
664,4,12,4,4,4,4,144,0,96,0,16,3,6,11,11,0,14,14,0,8,8,0
665,3,12,4,4,4,4,144,0,96,0,16,3,8,9,9,0,12,12,0,8,8,0
666,1,12,4,4,4,4,144,0,96,0,16,3,24,11,11,0,14,14,0,8,8,0
667,24,12,4,4,4,4,144,16,48,48,0,3,2,8,10,2,11,13,2,7,7,0
668,8,12,4,4,4,4,144,16,48,48,0,3,6,10,12,2,13,15,2,7,8,1
669,24,12,4,4,4,4,144,32,32,32,16,3,2,8,9,1,11,12,1,6,7,1
670,24,12,4,4,4,4,144,32,32,32,16,3,4,7,11,4,10,14,4,6,7,1
671,6,14,2,2,2,2,196,16,24,16,4,4,4,7,7,0,10,10,0,4,4,0
672,8,14,2,2,2,2,196,16,24,16,4,4,6,6,8,2,9,11,2,4,4,0
673,2,14,2,2,2,2,196,16,24,16,4,4,24,5,11,6,8,14,6,3,4,1
674,1,16,0,0,0,0,256,0,0,0,0,0,24,2,2,0,5,5,0,2,2,0
