language,repetition,null_r2
NAND,0,0.043921461227853786
NAND,1,0.04158856247116516
NAND,2,0.04171337643675077
NAND,3,0.041881234213816954
NAND,4,0.04505129585523504
NAND,5,0.042666062335585786
NAND,6,0.04179972813553412
NAND,7,0.04140812633768176
NAND,8,0.04341166735528945
NAND,9,0.043597401164325866
NAND,10,0.044086538825285015
NAND,11,0.044248189635369695
NAND,12,0.04449935895714574
NAND,13,0.04435596389934526
NAND,14,0.044127199772658
NAND,15,0.04066098538111251
NAND,16,0.04486517557558001
NAND,17,0.04373334967636844
NAND,18,0.0404189890797948
NAND,19,0.04120630821436122
NAND,20,0.04600590977499219
NAND,21,0.040875194319805463
NAND,22,0.044370215748553266
NAND,23,0.04070097833623598
NAND,24,0.04276295416442877
NAND,25,0.04444481024690705
NAND,26,0.04063117337304134
NAND,27,0.04394867471053654
NAND,28,0.04888312531168437
NAND,29,0.04556367820647611
NAND,30,0.03584121938541818
NAND,31,0.04390828066494712
NAND,32,0.03858194832169948
NAND,33,0.0392583914704856
NAND,34,0.04609591720200701
NAND,35,0.04337584268952521
NAND,36,0.03788162958447139
NAND,37,0.046753564610658827
NAND,38,0.04622999813212125
NAND,39,0.046271451402329467
NAND,40,0.04303606610631561
NAND,41,0.03685691409962333
NAND,42,0.04184090807447005
NAND,43,0.04166196606507577
NAND,44,0.04176659133766125
NAND,45,0.042556758928588345
NAND,46,0.040400928339872855
NAND,47,0.041151868995727314
NAND,48,0.039541757343829476
NAND,49,0.04469864601855511
NAND,50,0.04141663397870765
NAND,51,0.043994235697215056
NAND,52,0.03996492931974516
NAND,53,0.04200349299216599
NAND,54,0.04606956053431688
NAND,55,0.042258358421171316
NAND,56,0.0461978774829509
NAND,57,0.042176384787714905
NAND,58,0.047333257993954714
NAND,59,0.04402061559834236
NAND,60,0.03607692969838827
NAND,61,0.04534198289870628
NAND,62,0.038715875993200255
NAND,63,0.042192891136714095
NAND,64,0.04253393836886321
NAND,65,0.04207364973834293
NAND,66,0.0429377591965413
NAND,67,0.040642381056200216
NAND,68,0.04453753456195353
NAND,69,0.04437028534318321
NAND,70,0.04031103469673358
NAND,71,0.04612691885046927
NAND,72,0.044471376995568135
NAND,73,0.0454077798757343
NAND,74,0.044468673931619684
NAND,75,0.04148072757752208
NAND,76,0.04342112633977968
NAND,77,0.043755241284551216
NAND,78,0.04352416000879089
NAND,79,0.04166199014592531
NAND,80,0.045069608826635243
NAND,81,0.04145694907326036
NAND,82,0.042781439545689026
NAND,83,0.046727001984699035
NAND,84,0.04522461289934354
NAND,85,0.04104768226053801
NAND,86,0.040725166194770956
NAND,87,0.04375098549905099
NAND,88,0.04566666172112066
NAND,89,0.041873030622711194
NAND,90,0.043819297580919625
NAND,91,0.0446386342694276
NAND,92,0.04143258762498814
NAND,93,0.0403156090097484
NAND,94,0.0433698064464314
NAND,95,0.04066864819746652
NAND,96,0.04147079262731479
NAND,97,0.04645105084059853
NAND,98,0.04618222679803197
NAND,99,0.038524653144696774
NAND,100,0.0454061203903513
NAND,101,0.04555044382887008
NAND,102,0.044026655277627946
NAND,103,0.04314661468691461
NAND,104,0.04544514877497696
NAND,105,0.04297548092017445
NAND,106,0.05004783184832473
NAND,107,0.04391201446736337
NAND,108,0.043219853783056594
NAND,109,0.04227116637115824
NAND,110,0.043328621541654955
NAND,111,0.03992043209798579
NAND,112,0.04452652931284529
NAND,113,0.041540511760347454
NAND,114,0.04554111246831216
NAND,115,0.04250367522981113
NAND,116,0.0448233415937056
NAND,117,0.044091145416459865
NAND,118,0.04264568435545735
NAND,119,0.04538814520602796
NAND,120,0.0428723673299054
NAND,121,0.04399287156584197
NAND,122,0.0433473408189845
NAND,123,0.04835784513462571
NAND,124,0.040419192873593635
NAND,125,0.04224480714760248
NAND,126,0.043140323193730956
NAND,127,0.04309262100569644
NAND,128,0.04036390834839931
NAND,129,0.045715850451393814
NAND,130,0.0433188934343004
NAND,131,0.04405222995777791
NAND,132,0.04487971783696565
NAND,133,0.04438415464012435
NAND,134,0.04157710681461091
NAND,135,0.04480991786744115
NAND,136,0.04480984371892227
NAND,137,0.04481482816468951
NAND,138,0.04367808753768332
NAND,139,0.04728642374499392
NAND,140,0.043276225726384565
NAND,141,0.041287134198096376
NAND,142,0.04116568994253755
NAND,143,0.037364335833875884
NAND,144,0.04423642729959587
NAND,145,0.048025225870103494
NAND,146,0.04437919558323766
NAND,147,0.0425419838883313
NAND,148,0.04236279279100441
NAND,149,0.041798588836075345
NAND,150,0.04212679053665358
NAND,151,0.042106942671916725
NAND,152,0.04861204776624939
NAND,153,0.03901933160534843
NAND,154,0.04024919814261507
NAND,155,0.040874031607853634
NAND,156,0.04833484954599376
NAND,157,0.04159388083832727
NAND,158,0.04648799556198324
NAND,159,0.042845300181176604
NAND,160,0.04637822300308747
NAND,161,0.04085857039397922
NAND,162,0.043994565175154765
NAND,163,0.03945421876838329
NAND,164,0.04439551235390149
NAND,165,0.04331630152379018
NAND,166,0.04269189725578104
NAND,167,0.043947850240228625
NAND,168,0.04610271304364344
NAND,169,0.04552134582119649
NAND,170,0.0389496217730918
NAND,171,0.045876514214373554
NAND,172,0.04215322056417359
NAND,173,0.040062037649202464
NAND,174,0.039711692019097855
NAND,175,0.04812340723058617
NAND,176,0.041323180291166994
NAND,177,0.04351728361042906
NAND,178,0.04528740531441122
NAND,179,0.04190053650977443
NAND,180,0.046085807950759894
NAND,181,0.04536348059115569
NAND,182,0.04558238134244019
NAND,183,0.045737265193422694
NAND,184,0.04663751562360541
NAND,185,0.04490626298925271
NAND,186,0.04251302241141197
NAND,187,0.04220806609834904
NAND,188,0.04725117598726869
NAND,189,0.04325386775468887
NAND,190,0.04162356047771165
NAND,191,0.04534046967119609
NAND,192,0.04454935117214587
NAND,193,0.042635237000678616
NAND,194,0.042546915511217476
NAND,195,0.04336793158861951
NAND,196,0.044127931774776474
NAND,197,0.04190530504898593
NAND,198,0.04536387485493354
NAND,199,0.04122575780588922
NAND,200,0.042068657938064136
NAND,201,0.04056779886533435
NAND,202,0.03973057920500567
NAND,203,0.04299036694791081
NAND,204,0.04481063780351979
NAND,205,0.04457613273162475
NAND,206,0.04461476763544203
NAND,207,0.04386217355750166
NAND,208,0.043586043685383324
NAND,209,0.042609934290337215
NAND,210,0.04720115687180071
NAND,211,0.044702016966576386
NAND,212,0.04156137369726609
NAND,213,0.044572063695547226
NAND,214,0.03933155742377781
NAND,215,0.04294136205972687
NAND,216,0.0412877817391788
NAND,217,0.04011337765039025
NAND,218,0.04313271674137542
NAND,219,0.04292065291579261
NAND,220,0.04072452078344557
NAND,221,0.03739201247301438
NAND,222,0.0449857046648251
NAND,223,0.04152532428645428
NAND,224,0.04306000839268298
NAND,225,0.04319424846469755
NAND,226,0.044373409056818525
NAND,227,0.042800114481783336
NAND,228,0.04525431188652751
NAND,229,0.04129403023330125
NAND,230,0.04709081072234633
NAND,231,0.03889448207248947
NAND,232,0.044608455680625325
NAND,233,0.04261542094041426
NAND,234,0.04630396120777991
NAND,235,0.04602852014961056
NAND,236,0.04407895079544755
NAND,237,0.04624955930918295
NAND,238,0.04043124076514071
NAND,239,0.04477324394435578
NAND,240,0.04231593872973338
NAND,241,0.04348701047748693
NAND,242,0.04403744430083478
NAND,243,0.03819799624030418
NAND,244,0.040117896918442586
NAND,245,0.0415786334170426
NAND,246,0.045360988559409066
NAND,247,0.04519402694366059
NAND,248,0.045985732073912544
NAND,249,0.041826446414674257
NAND,250,0.04011282801486493
NAND,251,0.04441580723017369
NAND,252,0.039479570000825914
NAND,253,0.04368827520018914
NAND,254,0.04279959297210478
NAND,255,0.041059807912834145
NAND,256,0.04480953076571936
NAND,257,0.04480262227866927
NAND,258,0.04265689298569186
NAND,259,0.04139607250213673
NAND,260,0.043779868663603505
NAND,261,0.04694772694519833
NAND,262,0.04432648031844899
NAND,263,0.04082555102562724
NAND,264,0.043100369592441456
NAND,265,0.0464267975794872
NAND,266,0.04624238385048085
NAND,267,0.043095203770465496
NAND,268,0.04837038434660346
NAND,269,0.04547094244371874
NAND,270,0.0429899271588815
NAND,271,0.042418209763107395
NAND,272,0.04549262085741235
NAND,273,0.041490658078479514
NAND,274,0.042921710077625685
NAND,275,0.043484986018744176
NAND,276,0.04635475229572872
NAND,277,0.04096726879360102
NAND,278,0.04737771090141685
NAND,279,0.039899662760332966
NAND,280,0.04065859448490128
NAND,281,0.03945741652252732
NAND,282,0.04727872419795354
NAND,283,0.041323998373350324
NAND,284,0.04247655805939776
NAND,285,0.04231881696879769
NAND,286,0.041068457178920714
NAND,287,0.04202242261664846
NAND,288,0.0457877641449298
NAND,289,0.04004217893013451
NAND,290,0.046845619086263834
NAND,291,0.044877893329272056
NAND,292,0.03937637865494381
NAND,293,0.04155544596883587
NAND,294,0.043636937174708845
NAND,295,0.04224114597054518
NAND,296,0.041558063986726346
NAND,297,0.04332008485012928
NAND,298,0.04349558640523976
NAND,299,0.04456256078984677
NAND,300,0.04031809271983733
NAND,301,0.04340775691832133
NAND,302,0.043818384276428146
NAND,303,0.04148555661779485
NAND,304,0.04336851260367913
NAND,305,0.04072268932914713
NAND,306,0.044127638777757716
NAND,307,0.0430361998809321
NAND,308,0.04352228727595986
NAND,309,0.046537022052817734
NAND,310,0.04204179693379262
NAND,311,0.04475804475890921
NAND,312,0.04591568415720604
NAND,313,0.0462862104303029
NAND,314,0.03877045549009239
NAND,315,0.04236993835609626
NAND,316,0.04009041197713281
NAND,317,0.04296329778424357
NAND,318,0.04734893700638243
NAND,319,0.043655761366666046
NAND,320,0.043485246119068455
NAND,321,0.04302104238183857
NAND,322,0.03942393284064194
NAND,323,0.04166055187155204
NAND,324,0.04371875849251139
NAND,325,0.04298504688676075
NAND,326,0.04190449647194172
NAND,327,0.04415098180743837
NAND,328,0.041789769233759655
NAND,329,0.046589752423151554
NAND,330,0.04187384185583454
NAND,331,0.04638745768461228
NAND,332,0.04390078953372534
NAND,333,0.04068724692073267
NAND,334,0.04498061896811745
NAND,335,0.044158648860840866
NAND,336,0.04368514634262588
NAND,337,0.04002130156702699
NAND,338,0.04037138353603642
NAND,339,0.04543131793664357
NAND,340,0.04523703269225687
NAND,341,0.039343096813109546
NAND,342,0.038378771438787984
NAND,343,0.04700312528021222
NAND,344,0.040896060203231444
NAND,345,0.04262014075906406
NAND,346,0.04159924708520879
NAND,347,0.043511736698017334
NAND,348,0.04718953288092709
NAND,349,0.04653233679994784
NAND,350,0.04125372133867322
NAND,351,0.042958376484612426
NAND,352,0.039035377086329204
NAND,353,0.04489310795258239
NAND,354,0.04452168267902734
NAND,355,0.042909053908924744
NAND,356,0.046813911650924966
NAND,357,0.04264144522692803
NAND,358,0.04423122534691226
NAND,359,0.045748513978576155
NAND,360,0.043172511200730734
NAND,361,0.0484944224030458
NAND,362,0.045438312299937555
NAND,363,0.04566717966755618
NAND,364,0.03866514817990385
NAND,365,0.041073265863257324
NAND,366,0.04316909191577856
NAND,367,0.041749388845713886
NAND,368,0.04686953905200131
NAND,369,0.04138846157979814
NAND,370,0.0374332436666599
NAND,371,0.04787152621787227
NAND,372,0.04263001028711466
NAND,373,0.03884350870671616
NAND,374,0.04376844489180476
NAND,375,0.04544541240472888
NAND,376,0.04283257789253603
NAND,377,0.046117722267685735
NAND,378,0.04377494237691448
NAND,379,0.045748909566941776
NAND,380,0.04265791959999454
NAND,381,0.04450282302716446
NAND,382,0.04239570380505342
NAND,383,0.04527301907490333
NAND,384,0.04558567354390086
NAND,385,0.04344676475955822
NAND,386,0.041050967407526784
NAND,387,0.04554753631291952
NAND,388,0.04176816700600916
NAND,389,0.04270177983939083
NAND,390,0.04729329868134713
NAND,391,0.04377311839822984
NAND,392,0.04357552541758514
NAND,393,0.03937588159776351
NAND,394,0.045496339920793494
NAND,395,0.0407941663342386
NAND,396,0.04456794606267611
NAND,397,0.04102582624224327
NAND,398,0.0432742485925367
NAND,399,0.04659457751094154
NAND,400,0.04195736713428122
NAND,401,0.04620385772215685
NAND,402,0.04656140314944823
NAND,403,0.04221621339352366
NAND,404,0.042420753561216884
NAND,405,0.042549332590937405
NAND,406,0.041613601666186106
NAND,407,0.04457296994037285
NAND,408,0.04371942062385559
NAND,409,0.042810924392322036
NAND,410,0.04180203206762978
NAND,411,0.03999463007096116
NAND,412,0.04313838796538272
NAND,413,0.04046343564331245
NAND,414,0.036396881700034744
NAND,415,0.04222322545317869
NAND,416,0.04254975415016349
NAND,417,0.04376049973290563
NAND,418,0.04530546954689274
NAND,419,0.04362231009098705
NAND,420,0.0399331189024682
NAND,421,0.04261684620955963
NAND,422,0.04184237135459712
NAND,423,0.038413673267266746
NAND,424,0.04630139720860016
NAND,425,0.0452942124149206
NAND,426,0.04383473239922553
NAND,427,0.043127728251017516
NAND,428,0.04685753706090645
NAND,429,0.045286373652549394
NAND,430,0.045071237202443326
NAND,431,0.04405384647048227
NAND,432,0.04343970634827787
NAND,433,0.043331044787682016
NAND,434,0.038780360545518144
NAND,435,0.04461723141441909
NAND,436,0.04282869590442173
NAND,437,0.03793890078426765
NAND,438,0.044590680781592895
NAND,439,0.04070680966304763
NAND,440,0.043613712927921156
NAND,441,0.0433022445847453
NAND,442,0.041852438982105555
NAND,443,0.04341962898566898
NAND,444,0.043311939692333934
NAND,445,0.03929141244546752
NAND,446,0.04271080755114587
NAND,447,0.042402231014321945
NAND,448,0.04178605492381682
NAND,449,0.038290577848819285
NAND,450,0.04931200377945977
NAND,451,0.044792580297607465
NAND,452,0.04376990243750567
NAND,453,0.0416268439054559
NAND,454,0.04408974800937138
NAND,455,0.04571224027007381
NAND,456,0.04638489730667683
NAND,457,0.03732070499856521
NAND,458,0.03986208359717858
NAND,459,0.04247329364574404
NAND,460,0.043204661597719074
NAND,461,0.044883483966388416
NAND,462,0.04688371730270091
NAND,463,0.04148822999092994
NAND,464,0.04009819344314147
NAND,465,0.045306647411975876
NAND,466,0.04099081144576555
NAND,467,0.04139109477313074
NAND,468,0.04263041284596514
NAND,469,0.04756103179559057
NAND,470,0.04339156818927414
NAND,471,0.04334894783545373
NAND,472,0.0465174229169284
NAND,473,0.04164760364077147
NAND,474,0.04552149159833885
NAND,475,0.046603472161856674
NAND,476,0.0425187094523376
NAND,477,0.042918856384763227
NAND,478,0.04551028156709713
NAND,479,0.04461175611663848
NAND,480,0.034498287907804626
NAND,481,0.04211117408155585
NAND,482,0.040389127337465025
NAND,483,0.045644242638872234
NAND,484,0.0451733768427347
NAND,485,0.04535929168907582
NAND,486,0.045563927833650264
NAND,487,0.039749707518654365
NAND,488,0.0478823897584183
NAND,489,0.040758605564700234
NAND,490,0.04206702130520401
NAND,491,0.041514876717598015
NAND,492,0.04668886922743143
NAND,493,0.03815012581638155
NAND,494,0.04743737813640192
NAND,495,0.043999401443241215
NAND,496,0.04427581225505084
NAND,497,0.04629018164974252
NAND,498,0.04138581096007776
NAND,499,0.04206094905234847
NAND,500,0.0426994050274232
NAND,501,0.04649722036134951
NAND,502,0.04546177110002958
NAND,503,0.041724917006287
NAND,504,0.039762614547000474
NAND,505,0.0404788290139072
NAND,506,0.048766207084097624
NAND,507,0.04327624188828372
NAND,508,0.041945052525977466
NAND,509,0.042119737538750424
NAND,510,0.046519739025126405
NAND,511,0.040957684236050285
NAND,512,0.043983010129303834
NAND,513,0.03704637798611421
NAND,514,0.0446134672810673
NAND,515,0.04271782950095537
NAND,516,0.04572618146261287
NAND,517,0.04243983189630618
NAND,518,0.04524268163074452
NAND,519,0.0421460853176564
NAND,520,0.03804758475929759
NAND,521,0.047236055769743324
NAND,522,0.04792774028604141
NAND,523,0.04657117614609574
NAND,524,0.04100761776168116
NAND,525,0.04087984102551212
NAND,526,0.045774114396029186
NAND,527,0.039646455766583544
NAND,528,0.0420484280545137
NAND,529,0.03943569968410665
NAND,530,0.041298785386357006
NAND,531,0.046920139954433115
NAND,532,0.04248641730672653
NAND,533,0.041207271473194806
NAND,534,0.04595899730986652
NAND,535,0.04569816490744971
NAND,536,0.041188275979928246
NAND,537,0.04569326269217289
NAND,538,0.04244928468824305
NAND,539,0.046593554340159105
NAND,540,0.04145954370771243
NAND,541,0.04305533789952176
NAND,542,0.043991782520694356
NAND,543,0.04236967851776152
NAND,544,0.0365327457397584
NAND,545,0.04047353341803783
NAND,546,0.044008716766246736
NAND,547,0.04449136699008793
NAND,548,0.044195664016019376
NAND,549,0.03907007646712468
NAND,550,0.044493965466183893
NAND,551,0.03882676022178433
NAND,552,0.043187818863088534
NAND,553,0.04530976214687854
NAND,554,0.03901517423111245
NAND,555,0.04605007633875535
NAND,556,0.045538705296400694
NAND,557,0.03905902235010361
NAND,558,0.04127907755412574
NAND,559,0.04473426458951346
NAND,560,0.04588550746354492
NAND,561,0.041759866845380134
NAND,562,0.04322276947104975
NAND,563,0.04436915284105791
NAND,564,0.04303914786729435
NAND,565,0.03888458657577054
NAND,566,0.04321153228863517
NAND,567,0.04321200316911433
NAND,568,0.04614797687650807
NAND,569,0.04407959141340667
NAND,570,0.04837926523015568
NAND,571,0.048346012476589095
NAND,572,0.0435497857940943
NAND,573,0.04072378472063698
NAND,574,0.04681677255008543
NAND,575,0.04390990388402749
NAND,576,0.04444009896850032
NAND,577,0.04295563485724918
NAND,578,0.04140738799447308
NAND,579,0.04482383996075889
NAND,580,0.03940478283861626
NAND,581,0.042320394883626045
NAND,582,0.043689740615600825
NAND,583,0.043266608431497766
NAND,584,0.040174594611688486
NAND,585,0.03881568068859709
NAND,586,0.0428181301301126
NAND,587,0.03702093367813242
NAND,588,0.03978466542238812
NAND,589,0.04790766359078236
NAND,590,0.044637280575023364
NAND,591,0.044480585416695195
NAND,592,0.04448246754345708
NAND,593,0.04068897912381764
NAND,594,0.0401448725590855
NAND,595,0.044340968117259516
NAND,596,0.04266505901338313
NAND,597,0.04385080487477455
NAND,598,0.04596743260059999
NAND,599,0.040204640104988476
NAND,600,0.04292918469950713
NAND,601,0.03936706698365966
NAND,602,0.04292965466295451
NAND,603,0.04184029335503636
NAND,604,0.04554903076523231
NAND,605,0.041397654945823814
NAND,606,0.04335159575778735
NAND,607,0.042040063288623086
NAND,608,0.042504539511852624
NAND,609,0.041426800788863294
NAND,610,0.043141867174324444
NAND,611,0.043012408159784465
NAND,612,0.03991378939756873
NAND,613,0.03732946061689357
NAND,614,0.04491122385770008
NAND,615,0.040410749716583094
NAND,616,0.04224236378105872
NAND,617,0.04953738516987416
NAND,618,0.041898181588605254
NAND,619,0.040537334971652794
NAND,620,0.04174387639370891
NAND,621,0.044913639639846625
NAND,622,0.04514268619043549
NAND,623,0.04304858051865068
NAND,624,0.041887556921507474
NAND,625,0.041154210879610464
NAND,626,0.04774042893245756
NAND,627,0.04219360606519362
NAND,628,0.04267676401726628
NAND,629,0.04384520613524456
NAND,630,0.04437201743284058
NAND,631,0.045189137555711745
NAND,632,0.040658736020508957
NAND,633,0.04488837687308278
NAND,634,0.04347399184483569
NAND,635,0.03991414165708829
NAND,636,0.04355900452997896
NAND,637,0.040365703593669866
NAND,638,0.03959733729468751
NAND,639,0.03875658711802721
NAND,640,0.042629366219279485
NAND,641,0.041757115558539226
NAND,642,0.045749645438739384
NAND,643,0.041397040014753084
NAND,644,0.04150523051351518
NAND,645,0.04044379498694228
NAND,646,0.043216272957692925
NAND,647,0.04391640525982499
NAND,648,0.0449905230703751
NAND,649,0.042686726228646554
NAND,650,0.04135362154313338
NAND,651,0.04421868689838704
NAND,652,0.037114627611413376
NAND,653,0.04347973857701637
NAND,654,0.044261689974956164
NAND,655,0.0434999428907723
NAND,656,0.044139428210078435
NAND,657,0.043127523796623546
NAND,658,0.04608362241712727
NAND,659,0.04315603479420993
NAND,660,0.044244723274666
NAND,661,0.04543128499131921
NAND,662,0.041715030148612
NAND,663,0.04340342845674461
NAND,664,0.041873360272287274
NAND,665,0.04082628862803994
NAND,666,0.04542170273058466
NAND,667,0.044000843516400434
NAND,668,0.041926482105667406
NAND,669,0.04155558836535511
NAND,670,0.042914177344479665
NAND,671,0.044119545189483356
NAND,672,0.04142367829654503
NAND,673,0.04215647688891977
NAND,674,0.04557708669170446
NAND,675,0.043595721516684005
NAND,676,0.04051002059491027
NAND,677,0.04681826707795611
NAND,678,0.04569396663176939
NAND,679,0.042120090779699804
NAND,680,0.044820851061375344
NAND,681,0.043653974054991274
NAND,682,0.04002043691766832
NAND,683,0.0428457227782445
NAND,684,0.04692842801793207
NAND,685,0.043787506180197555
NAND,686,0.042737184567552156
NAND,687,0.0417879280493737
NAND,688,0.04336588036699118
NAND,689,0.04400909856320345
NAND,690,0.04472160343266429
NAND,691,0.04249292605546484
NAND,692,0.04342941906866882
NAND,693,0.04094956539900285
NAND,694,0.04633719449566276
NAND,695,0.044614965316789434
NAND,696,0.04588216947346735
NAND,697,0.04393026361671526
NAND,698,0.03725468434886714
NAND,699,0.044463553116116605
NAND,700,0.04159617066810417
NAND,701,0.039819060473192724
NAND,702,0.04538680879926782
NAND,703,0.043254501532831724
NAND,704,0.04744416280459629
NAND,705,0.0444622047362041
NAND,706,0.04301175337804275
NAND,707,0.04544390261613851
NAND,708,0.04549918991447832
NAND,709,0.04874932107402441
NAND,710,0.04340759565601282
NAND,711,0.04585129342554306
NAND,712,0.041417711133529767
NAND,713,0.0442754900529585
NAND,714,0.0407706903450028
NAND,715,0.04386447388666315
NAND,716,0.047362685784216874
NAND,717,0.04564936549160292
NAND,718,0.04331272462791125
NAND,719,0.04735650610397435
NAND,720,0.04276205944060085
NAND,721,0.04286189225349413
NAND,722,0.04488356486097278
NAND,723,0.04475388472687303
NAND,724,0.04482906666672348
NAND,725,0.04119356641477856
NAND,726,0.04194582711977568
NAND,727,0.04426484917793505
NAND,728,0.04345328838622742
NAND,729,0.04291326965393916
NAND,730,0.04579600331661493
NAND,731,0.046016628032598206
NAND,732,0.04558821388441181
NAND,733,0.04461690515451111
NAND,734,0.0450774533986531
NAND,735,0.0449045172304996
NAND,736,0.04232648958266638
NAND,737,0.04317044489290067
NAND,738,0.04456126182943354
NAND,739,0.04154872604547699
NAND,740,0.043649686731316306
NAND,741,0.047622063400271086
NAND,742,0.04043675601706098
NAND,743,0.04333028175349296
NAND,744,0.037843913169058
NAND,745,0.04340638642982142
NAND,746,0.04318711888427207
NAND,747,0.04515611629612448
NAND,748,0.04699178816741889
NAND,749,0.045463474751933686
NAND,750,0.046383983386854455
NAND,751,0.04334659545089281
NAND,752,0.04808469213844324
NAND,753,0.040083128646559385
NAND,754,0.03981043739604495
NAND,755,0.043307576668855985
NAND,756,0.03935265623161566
NAND,757,0.039082499055681064
NAND,758,0.03842862484145415
NAND,759,0.04352970557716984
NAND,760,0.04398437882598383
NAND,761,0.04358398138091313
NAND,762,0.04424411318763555
NAND,763,0.043233379571262165
NAND,764,0.04170149200783646
NAND,765,0.04620605187001836
NAND,766,0.04356296783695068
NAND,767,0.041008749212153695
NAND,768,0.04404362157436337
NAND,769,0.04538724398980343
NAND,770,0.04440756350418573
NAND,771,0.042748797059563914
NAND,772,0.044849635701265655
NAND,773,0.03941347557698771
NAND,774,0.04493551517535421
NAND,775,0.04325456151646179
NAND,776,0.04596121648610929
NAND,777,0.04494879465947066
NAND,778,0.0413674047803646
NAND,779,0.044966915826934906
NAND,780,0.04569781330833489
NAND,781,0.04512871516231309
NAND,782,0.039126734329654744
NAND,783,0.04253007646548024
NAND,784,0.04384740349821892
NAND,785,0.04322541730490137
NAND,786,0.045750462634581046
NAND,787,0.04426110790161075
NAND,788,0.04788563664834289
NAND,789,0.044154713788617905
NAND,790,0.04461668658502649
NAND,791,0.044248785178842565
NAND,792,0.04801595735951503
NAND,793,0.043185600835885185
NAND,794,0.043268209407407054
NAND,795,0.042197230720027346
NAND,796,0.040841620452824245
NAND,797,0.04222984578289812
NAND,798,0.04029080212921321
NAND,799,0.04309891054795634
NAND,800,0.04371468963459657
NAND,801,0.042140614324792325
NAND,802,0.04235766276595487
NAND,803,0.040909956753784615
NAND,804,0.0431010760349777
NAND,805,0.041995078684467946
NAND,806,0.04620389786549761
NAND,807,0.04134993770809092
NAND,808,0.045044801383724686
NAND,809,0.041410696970488936
NAND,810,0.044601909447103516
NAND,811,0.04139715769104613
NAND,812,0.043696492456504754
NAND,813,0.039335282668934046
NAND,814,0.03976367427898109
NAND,815,0.04265888663330242
NAND,816,0.04542083639375971
NAND,817,0.04825255584494137
NAND,818,0.04195795325543272
NAND,819,0.044961621664088014
NAND,820,0.04596011378347398
NAND,821,0.044577009027237824
NAND,822,0.038026918347879635
NAND,823,0.04424065517188014
NAND,824,0.04346359520932308
NAND,825,0.04158050493441956
NAND,826,0.048887632941075454
NAND,827,0.03937249451457947
NAND,828,0.04370478821116197
NAND,829,0.043495145656291645
NAND,830,0.04610324935256738
NAND,831,0.044600726196787455
NAND,832,0.04149804478375008
NAND,833,0.04771747060921416
NAND,834,0.041057166987343074
NAND,835,0.0456851686718317
NAND,836,0.04533569851298691
NAND,837,0.04792436626770735
NAND,838,0.04488021783224583
NAND,839,0.045897848599190105
NAND,840,0.044782269044359
NAND,841,0.04328140295876004
NAND,842,0.04190691359641174
NAND,843,0.04527675333050463
NAND,844,0.042604364991977506
NAND,845,0.042355976828410746
NAND,846,0.04095731304435091
NAND,847,0.04376632737535091
NAND,848,0.04391431460042794
NAND,849,0.04625064551151836
NAND,850,0.04011780748223637
NAND,851,0.05001023576484376
NAND,852,0.04403736062174313
NAND,853,0.04067030677691963
NAND,854,0.046424292455398364
NAND,855,0.041546616884290066
NAND,856,0.04425458255347725
NAND,857,0.04258615046910286
NAND,858,0.04469547738041202
NAND,859,0.047769588105123884
NAND,860,0.04789478953295223
NAND,861,0.044203967098387476
NAND,862,0.04308298870077254
NAND,863,0.03861865332536352
NAND,864,0.0462519614418474
NAND,865,0.04631034339349327
NAND,866,0.04477696688952704
NAND,867,0.04755163265164808
NAND,868,0.043403167170423806
NAND,869,0.040896203641983764
NAND,870,0.04406569297634344
NAND,871,0.04366708702751321
NAND,872,0.043951477486430024
NAND,873,0.041070869434156276
NAND,874,0.045283212257912986
NAND,875,0.0442617546115347
NAND,876,0.042185069473236525
NAND,877,0.04359988293497086
NAND,878,0.03910433244700373
NAND,879,0.04066527888945759
NAND,880,0.04038889451393002
NAND,881,0.042541847747659234
NAND,882,0.042028288152386684
NAND,883,0.04030059026513155
NAND,884,0.04671890618401897
NAND,885,0.047609593552881635
NAND,886,0.045393896030674674
NAND,887,0.04234087852232238
NAND,888,0.044937290104644645
NAND,889,0.0401025998892629
NAND,890,0.042034747679108975
NAND,891,0.04677382102921257
NAND,892,0.041509909777933895
NAND,893,0.04315232958117132
NAND,894,0.041809232158792065
NAND,895,0.04206088024393051
NAND,896,0.0400948587991834
NAND,897,0.043376414287419784
NAND,898,0.046789892450333936
NAND,899,0.042007600602742556
NAND,900,0.042440038177548045
NAND,901,0.041122758897073064
NAND,902,0.045222427805851284
NAND,903,0.04346950462755106
NAND,904,0.04240511660618673
NAND,905,0.036590194890705474
NAND,906,0.04217168841551577
NAND,907,0.04189805671452951
NAND,908,0.039410368412502894
NAND,909,0.04015766961140699
NAND,910,0.04269572887700934
NAND,911,0.04671555212885381
NAND,912,0.04371189318247337
NAND,913,0.04288824265057345
NAND,914,0.041477063878664344
NAND,915,0.041179482414401725
NAND,916,0.04526504424563926
NAND,917,0.04519627139971494
NAND,918,0.0390609138986564
NAND,919,0.04039954305825888
NAND,920,0.04310383773006854
NAND,921,0.04219451622999881
NAND,922,0.03714668482608274
NAND,923,0.04052317454617582
NAND,924,0.04619041356449938
NAND,925,0.04681485075693148
NAND,926,0.042844763246036255
NAND,927,0.04317096808065868
NAND,928,0.04448834679161684
NAND,929,0.04400514726960192
NAND,930,0.04568080735368851
NAND,931,0.04936102562851519
NAND,932,0.04013370104171332
NAND,933,0.0445982725546894
NAND,934,0.038850827565444
NAND,935,0.040422529910839056
NAND,936,0.03988994093014042
NAND,937,0.04448869496695329
NAND,938,0.04464992425019165
NAND,939,0.040253810928825184
NAND,940,0.046286988354371617
NAND,941,0.04363511663344222
NAND,942,0.04246225842976348
NAND,943,0.043680560102612676
NAND,944,0.04481600227338789
NAND,945,0.03994903988255105
NAND,946,0.042220769210388975
NAND,947,0.043671730329246095
NAND,948,0.04742299844535158
NAND,949,0.04617898086559036
NAND,950,0.04249631628737527
NAND,951,0.04849878731270374
NAND,952,0.03930584558981298
NAND,953,0.04077517190688651
NAND,954,0.0395876955090827
NAND,955,0.04461573418427289
NAND,956,0.042181313173458745
NAND,957,0.04729653770540598
NAND,958,0.04428041620339229
NAND,959,0.04598485867121094
NAND,960,0.03840952111260132
NAND,961,0.039928296531865914
NAND,962,0.04328653708222363
NAND,963,0.044747112693876545
NAND,964,0.0442687883694729
NAND,965,0.04143608826172274
NAND,966,0.04461537778873159
NAND,967,0.04433280257334837
NAND,968,0.04054593812808016
NAND,969,0.04373448269659219
NAND,970,0.042745937611628926
NAND,971,0.04187734456545589
NAND,972,0.04724904502708094
NAND,973,0.043514281965396306
NAND,974,0.04444311054539163
NAND,975,0.04376113662478054
NAND,976,0.04461949749214067
NAND,977,0.04379950854453063
NAND,978,0.04364107635610648
NAND,979,0.04560291025570762
NAND,980,0.04580887802887701
NAND,981,0.04356796124690565
NAND,982,0.04823809015028602
NAND,983,0.04223735626049285
NAND,984,0.04399732831284575
NAND,985,0.04343581672176844
NAND,986,0.04445557044354309
NAND,987,0.044422681883850124
NAND,988,0.04293860539146532
NAND,989,0.03754735336520376
NAND,990,0.04144878800621965
NAND,991,0.041411492570995745
NAND,992,0.04276825559612807
NAND,993,0.038810759129537686
NAND,994,0.04547240605971359
NAND,995,0.04317482170417031
NAND,996,0.043543999154974644
NAND,997,0.046022904151058586
NAND,998,0.04077576147515238
NAND,999,0.04285515305596865
NOR,0,0.04658042435197818
NOR,1,0.041245414085428145
NOR,2,0.042275129268338096
NOR,3,0.05003208728435482
NOR,4,0.04622605131804114
NOR,5,0.044683847789397935
NOR,6,0.04401925012127972
NOR,7,0.043785241192541235
NOR,8,0.04667200858444431
NOR,9,0.03992706130932355
NOR,10,0.04296934227754079
NOR,11,0.046053090552141684
NOR,12,0.04007197585443778
NOR,13,0.04340695578060372
NOR,14,0.04749114881854388
NOR,15,0.04522652654234327
NOR,16,0.04128727157392165
NOR,17,0.04902275877477413
NOR,18,0.042187377470369936
NOR,19,0.041015721303649055
NOR,20,0.04391715619337211
NOR,21,0.04056952620744414
NOR,22,0.0465651600625655
NOR,23,0.04243754860890736
NOR,24,0.043150399381658544
NOR,25,0.042900485017699164
NOR,26,0.04034443504230567
NOR,27,0.04561306941429588
NOR,28,0.04361693779524545
NOR,29,0.04383838638083193
NOR,30,0.04158300318590036
NOR,31,0.04690501079591114
NOR,32,0.047299330713168275
NOR,33,0.04199035364523607
NOR,34,0.043571059562154235
NOR,35,0.038980072669418164
NOR,36,0.042379218318734146
NOR,37,0.04212543887829234
NOR,38,0.03895615450209522
NOR,39,0.046359750153819324
NOR,40,0.04337514211465687
NOR,41,0.041724995209961535
NOR,42,0.051025062890835304
NOR,43,0.04480234541482442
NOR,44,0.043005985425977
NOR,45,0.04600951957537913
NOR,46,0.04238611773002432
NOR,47,0.03989614391202223
NOR,48,0.04763066080203837
NOR,49,0.04325332622386602
NOR,50,0.04304814674397739
NOR,51,0.043075091956671585
NOR,52,0.04486150550868084
NOR,53,0.04452946425665005
NOR,54,0.04256352209193648
NOR,55,0.04619136375653321
NOR,56,0.04938634551142285
NOR,57,0.04420995289053942
NOR,58,0.04071717352213444
NOR,59,0.04225666734435396
NOR,60,0.04329391316910114
NOR,61,0.04270458457289639
NOR,62,0.041845545393962125
NOR,63,0.04220049310608487
NOR,64,0.039522164800755544
NOR,65,0.04320591568682841
NOR,66,0.043766722557710414
NOR,67,0.03943457932443617
NOR,68,0.044653118744115816
NOR,69,0.04283758126061343
NOR,70,0.04543034325565953
NOR,71,0.03889575947301005
NOR,72,0.0433353229867266
NOR,73,0.04622730660464469
NOR,74,0.04178227748051
NOR,75,0.041846999710873245
NOR,76,0.046683907264236435
NOR,77,0.046086014533323394
NOR,78,0.04155998253325599
NOR,79,0.04566292700863006
NOR,80,0.042956311358130383
NOR,81,0.043548384940298335
NOR,82,0.040560095077190494
NOR,83,0.045749915681552955
NOR,84,0.0435172826526804
NOR,85,0.04604514991544795
NOR,86,0.045200381274575596
NOR,87,0.04548840274113419
NOR,88,0.04476821853224222
NOR,89,0.043872804708142144
NOR,90,0.04565584195988481
NOR,91,0.04507699729676451
NOR,92,0.039938645916482884
NOR,93,0.04460035978553867
NOR,94,0.043005699287923305
NOR,95,0.04555801568206608
NOR,96,0.04868171987882497
NOR,97,0.0463389068713943
NOR,98,0.03932467051595179
NOR,99,0.03729149809965637
NOR,100,0.04150766769892533
NOR,101,0.04298483557119692
NOR,102,0.045860785085795164
NOR,103,0.04531083036316785
NOR,104,0.045492622233953894
NOR,105,0.047997699454009446
NOR,106,0.04437326107916162
NOR,107,0.04640782428601686
NOR,108,0.04603000374317667
NOR,109,0.04416166713943215
NOR,110,0.04361683758137558
NOR,111,0.045585789613506233
NOR,112,0.046015660548597404
NOR,113,0.04153898080703111
NOR,114,0.04245277157647309
NOR,115,0.04496008200870594
NOR,116,0.04498054837750565
NOR,117,0.03927946806603755
NOR,118,0.04601360698669288
NOR,119,0.04309653162583704
NOR,120,0.04379823104503788
NOR,121,0.04214425286041057
NOR,122,0.04155802061118774
NOR,123,0.04450746826965046
NOR,124,0.03613162043986884
NOR,125,0.04164405984954689
NOR,126,0.04130579871653539
NOR,127,0.04355568313440206
NOR,128,0.04074480724097873
NOR,129,0.04304595236146869
NOR,130,0.039994158737129526
NOR,131,0.04463124518896333
NOR,132,0.044077866779706376
NOR,133,0.04446000271067041
NOR,134,0.0453505458719321
NOR,135,0.04301359018595019
NOR,136,0.03860452271493564
NOR,137,0.045192951018062866
NOR,138,0.04065010648806466
NOR,139,0.047393619281047905
NOR,140,0.04293843663170305
NOR,141,0.04707561971043328
NOR,142,0.04479264637594482
NOR,143,0.046712730538460145
NOR,144,0.040594865866235064
NOR,145,0.04067731275623321
NOR,146,0.0392849273032877
NOR,147,0.0448388315767162
NOR,148,0.040182418705483336
NOR,149,0.041270065980175796
NOR,150,0.04575708437172277
NOR,151,0.043654073332136445
NOR,152,0.04564376498026668
NOR,153,0.03889366754556722
NOR,154,0.04136551365314978
NOR,155,0.049764082231462115
NOR,156,0.040786749881187134
NOR,157,0.04250104019914469
NOR,158,0.042553666267230006
NOR,159,0.041752383467754894
NOR,160,0.03993773893276886
NOR,161,0.03959093080779852
NOR,162,0.041807809397377715
NOR,163,0.046468494616198286
NOR,164,0.04151159944352356
NOR,165,0.04292939015419828
NOR,166,0.04910564645114468
NOR,167,0.040749547175985334
NOR,168,0.039175157688180584
NOR,169,0.043549602687411815
NOR,170,0.04356402767578271
NOR,171,0.041176110093842144
NOR,172,0.04177831018243017
NOR,173,0.04501789256566746
NOR,174,0.04150761696934735
NOR,175,0.04645468253842733
NOR,176,0.04510642612489113
NOR,177,0.04455722478049129
NOR,178,0.04357509923231251
NOR,179,0.04316598016326789
NOR,180,0.043160910607221936
NOR,181,0.04540046794765096
NOR,182,0.046489612023744686
NOR,183,0.04186406588863045
NOR,184,0.04488702346001494
NOR,185,0.042679151600654275
NOR,186,0.042193111609979295
NOR,187,0.04523786438643396
NOR,188,0.044034753034342455
NOR,189,0.04157241848751714
NOR,190,0.04282877981868316
NOR,191,0.048479956372380895
NOR,192,0.044495893431651945
NOR,193,0.04369646168846608
NOR,194,0.044173254166877673
NOR,195,0.04538160523879864
NOR,196,0.045802238873311585
NOR,197,0.04090848768344291
NOR,198,0.04154598084774952
NOR,199,0.04755065661112612
NOR,200,0.042440802896868024
NOR,201,0.04160264101111533
NOR,202,0.04294006171456788
NOR,203,0.04418073901080033
NOR,204,0.04144800968435969
NOR,205,0.0431737624480546
NOR,206,0.042684088972666956
NOR,207,0.044017286436597525
NOR,208,0.04523135065934103
NOR,209,0.04301670101478816
NOR,210,0.044633287972225655
NOR,211,0.03899901635500258
NOR,212,0.043313549899694936
NOR,213,0.04193544840851604
NOR,214,0.04589491714354521
NOR,215,0.04251128071920551
NOR,216,0.04336613813920831
NOR,217,0.0436127621478658
NOR,218,0.04010136854829638
NOR,219,0.046423092847037384
NOR,220,0.04169216652788177
NOR,221,0.04363244839781255
NOR,222,0.046647407995361156
NOR,223,0.040428329825812015
NOR,224,0.04517477418967486
NOR,225,0.042160078151810776
NOR,226,0.04213355798017604
NOR,227,0.04361291597989658
NOR,228,0.0451378210176564
NOR,229,0.04231234829815389
NOR,230,0.04391473980327032
NOR,231,0.04304851256574649
NOR,232,0.04222067046831135
NOR,233,0.04392243435122012
NOR,234,0.04658094775747401
NOR,235,0.046309760923749055
NOR,236,0.042332186304471
NOR,237,0.04634519467967124
NOR,238,0.04435877778150665
NOR,239,0.046257203824870974
NOR,240,0.03990910578258233
NOR,241,0.04436596616876598
NOR,242,0.04846002359807833
NOR,243,0.041797756141346065
NOR,244,0.04669046292422652
NOR,245,0.0428724599854986
NOR,246,0.04471523125632826
NOR,247,0.0465873940463436
NOR,248,0.045901572750757014
NOR,249,0.0454803293084316
NOR,250,0.04224104198399192
NOR,251,0.045468249298387775
NOR,252,0.04190175020361642
NOR,253,0.04370384101113678
NOR,254,0.04743616727667521
NOR,255,0.04066771822492499
NOR,256,0.04586793934278188
NOR,257,0.04342243194443851
NOR,258,0.04475968782161921
NOR,259,0.04138577496138329
NOR,260,0.04362648640943945
NOR,261,0.04518830093207771
NOR,262,0.046860392583568555
NOR,263,0.04416549687408555
NOR,264,0.04523816096321598
NOR,265,0.042486287096050845
NOR,266,0.04152164835638961
NOR,267,0.04557168397084066
NOR,268,0.04206043523601577
NOR,269,0.04354228834082985
NOR,270,0.04445306672544724
NOR,271,0.04127486937077296
NOR,272,0.04218145366851722
NOR,273,0.03925246603926613
NOR,274,0.04271250885736311
NOR,275,0.0407301414936877
NOR,276,0.04530068149291022
NOR,277,0.04462346710109866
NOR,278,0.04746210008715468
NOR,279,0.04699607246709703
NOR,280,0.046604105840167165
NOR,281,0.042462330995859054
NOR,282,0.03998632172467065
NOR,283,0.04433067921327616
NOR,284,0.0446797900373439
NOR,285,0.04264918713041277
NOR,286,0.042369446984197534
NOR,287,0.04032971933701568
NOR,288,0.041662952934476416
NOR,289,0.04239448825966052
NOR,290,0.043787258261565376
NOR,291,0.04609637628072327
NOR,292,0.04063460507069483
NOR,293,0.040770811891351455
NOR,294,0.04145907431731377
NOR,295,0.04645494279249551
NOR,296,0.04536748999119056
NOR,297,0.04244112889785223
NOR,298,0.042957193487095036
NOR,299,0.04224639559546006
NOR,300,0.04367980033631258
NOR,301,0.040109707300021835
NOR,302,0.042131265174272015
NOR,303,0.0447839084973245
NOR,304,0.041220020383075595
NOR,305,0.044434144141374254
NOR,306,0.04418722355289817
NOR,307,0.040770774048696445
NOR,308,0.0435499583438409
NOR,309,0.0420061703524407
NOR,310,0.04472093069448968
NOR,311,0.03909744152166894
NOR,312,0.04382981739779679
NOR,313,0.04383498453905421
NOR,314,0.04386236155736778
NOR,315,0.041716173109424326
NOR,316,0.03678836262421348
NOR,317,0.043193895515995395
NOR,318,0.04219440244352235
NOR,319,0.04350931244558709
NOR,320,0.0422361780026167
NOR,321,0.04265875678295261
NOR,322,0.037790605034863645
NOR,323,0.0475735585362167
NOR,324,0.047542459566601414
NOR,325,0.03978054601298897
NOR,326,0.04400728341550775
NOR,327,0.04447382167163627
NOR,328,0.04050581930482011
NOR,329,0.04278027161584286
NOR,330,0.045276767296038134
NOR,331,0.041612997860299705
NOR,332,0.048074140150260014
NOR,333,0.04224174971356154
NOR,334,0.04563921350409439
NOR,335,0.04365400893267746
NOR,336,0.044860182393903436
NOR,337,0.04293834017607723
NOR,338,0.04216920218215181
NOR,339,0.043230780714801575
NOR,340,0.04604320932377515
NOR,341,0.04274108305722313
NOR,342,0.03836373260738357
NOR,343,0.04670879377454884
NOR,344,0.04491450532160046
NOR,345,0.04926431351288796
NOR,346,0.039541213644693096
NOR,347,0.04143541311019072
NOR,348,0.04255021827955163
NOR,349,0.042146567619602116
NOR,350,0.04445181049884317
NOR,351,0.048151848414968224
NOR,352,0.03818048386244388
NOR,353,0.045357770216971294
NOR,354,0.04607888435016638
NOR,355,0.04049957634227175
NOR,356,0.044308944648929205
NOR,357,0.04190882719198408
NOR,358,0.04121357815638038
NOR,359,0.04117885884724748
NOR,360,0.04378929796253406
NOR,361,0.04018919046421243
NOR,362,0.045798289487397836
NOR,363,0.04039156156993995
NOR,364,0.04828572288486144
NOR,365,0.04176973732602807
NOR,366,0.03968096065962301
NOR,367,0.0453764606504119
NOR,368,0.04117057822327386
NOR,369,0.044872236870290405
NOR,370,0.04530745284643489
NOR,371,0.03987512304131147
NOR,372,0.04489612341353233
NOR,373,0.04433388477463274
NOR,374,0.04282265669498342
NOR,375,0.04266257106369442
NOR,376,0.04189327123630515
NOR,377,0.04545000083018724
NOR,378,0.03939341519682471
NOR,379,0.04208175079494758
NOR,380,0.04408100375218427
NOR,381,0.04041564868803804
NOR,382,0.044380595793084066
NOR,383,0.043605350389776754
NOR,384,0.04619024781254544
NOR,385,0.04128715341331457
NOR,386,0.045743785577046725
NOR,387,0.042044718623853505
NOR,388,0.04049057647404808
NOR,389,0.042251291473839436
NOR,390,0.04369941057552118
NOR,391,0.04033451896158058
NOR,392,0.044829379635041966
NOR,393,0.04323205512355077
NOR,394,0.04223053629791995
NOR,395,0.04051551873004855
NOR,396,0.04512793605475807
NOR,397,0.04369138082917301
NOR,398,0.040663314558888386
NOR,399,0.041168440057612776
NOR,400,0.04284080367370391
NOR,401,0.045278412672487334
NOR,402,0.03751791649855185
NOR,403,0.04027506920298973
NOR,404,0.043064269605201155
NOR,405,0.046701071591253585
NOR,406,0.04371793124007051
NOR,407,0.042810820452733545
NOR,408,0.042735825449000564
NOR,409,0.0407244558420784
NOR,410,0.0427260035731154
NOR,411,0.03862708377037427
NOR,412,0.04230457613309535
NOR,413,0.040785487696644473
NOR,414,0.04354326953612031
NOR,415,0.042486600080207326
NOR,416,0.04580398278551867
NOR,417,0.04540460674765012
NOR,418,0.044037248821020336
NOR,419,0.04233588381488895
NOR,420,0.04065340305586951
NOR,421,0.040997210187966426
NOR,422,0.04358955284764465
NOR,423,0.037157282393387225
NOR,424,0.04401773197731795
NOR,425,0.040139581312635286
NOR,426,0.04480094465355933
NOR,427,0.04337911581350962
NOR,428,0.04226766019150141
NOR,429,0.045966002032602704
NOR,430,0.04108199008125735
NOR,431,0.041997285906714255
NOR,432,0.04250064592028069
NOR,433,0.04007683413531038
NOR,434,0.048411394656207696
NOR,435,0.04202541473310595
NOR,436,0.04523918008905781
NOR,437,0.041807865859342486
NOR,438,0.042971973089453774
NOR,439,0.04719567593026308
NOR,440,0.0375805875881049
NOR,441,0.04350472621705925
NOR,442,0.03978490139471624
NOR,443,0.04671663445052221
NOR,444,0.042985878614150264
NOR,445,0.04272783165400296
NOR,446,0.045263254366868955
NOR,447,0.044411278653773034
NOR,448,0.04208772470703315
NOR,449,0.0481678646140985
NOR,450,0.04323303668724965
NOR,451,0.04245225211165371
NOR,452,0.040331967294788384
NOR,453,0.042974928918842026
NOR,454,0.03939481592595606
NOR,455,0.04066640228643348
NOR,456,0.04097539836593589
NOR,457,0.044154130771788314
NOR,458,0.04252698032384794
NOR,459,0.04001750601774701
NOR,460,0.041550474952085525
NOR,461,0.0378268926252332
NOR,462,0.04387127612742092
NOR,463,0.040721449321123204
NOR,464,0.045445926880223864
NOR,465,0.04360733763110003
NOR,466,0.04316970779533302
NOR,467,0.04137530727262284
NOR,468,0.040032896178987976
NOR,469,0.046448432173262444
NOR,470,0.04627202903550154
NOR,471,0.044226044680833465
NOR,472,0.042935113108129364
NOR,473,0.045785444008045295
NOR,474,0.043037869191873024
NOR,475,0.044684065208725254
NOR,476,0.04133884035298396
NOR,477,0.04550274980237279
NOR,478,0.045454587281789305
NOR,479,0.04099380121617913
NOR,480,0.042122363378645056
NOR,481,0.04065444540377616
NOR,482,0.04165670304699465
NOR,483,0.0406099640685853
NOR,484,0.04494755529504424
NOR,485,0.041049493374407664
NOR,486,0.04424230179811295
NOR,487,0.04415117984377981
NOR,488,0.040939185425798774
NOR,489,0.04207247187063623
NOR,490,0.0444378290904639
NOR,491,0.04413126667887479
NOR,492,0.046108936428404856
NOR,493,0.04326576774062929
NOR,494,0.04462700458218616
NOR,495,0.046070038916288025
NOR,496,0.042822874403725675
NOR,497,0.04401274870795113
NOR,498,0.04542000524622547
NOR,499,0.04399828432111752
NOR,500,0.04504457173767373
NOR,501,0.04464508865476291
NOR,502,0.04014724762036781
NOR,503,0.0413300655354365
NOR,504,0.04422020717771191
NOR,505,0.04272097237075445
NOR,506,0.040733537528448216
NOR,507,0.04025315508406324
NOR,508,0.045330586125325145
NOR,509,0.04015355612144722
NOR,510,0.044419979840530366
NOR,511,0.045005731274113
NOR,512,0.044513554116358045
NOR,513,0.04131441518187173
NOR,514,0.04334591754853401
NOR,515,0.04265769763694982
NOR,516,0.04012816051285495
NOR,517,0.03919940548174172
NOR,518,0.04049444485887954
NOR,519,0.04731500567531055
NOR,520,0.04305181606677855
NOR,521,0.04582929200346497
NOR,522,0.04381232917978206
NOR,523,0.0438931103412139
NOR,524,0.042438106136976406
NOR,525,0.04284904556181657
NOR,526,0.04358650815110865
NOR,527,0.03859533311498853
NOR,528,0.045915928739063805
NOR,529,0.03874465037254449
NOR,530,0.042225311948262956
NOR,531,0.046443675756543734
NOR,532,0.043168102153791854
NOR,533,0.04349064100907829
NOR,534,0.04802514168398064
NOR,535,0.04279301704564653
NOR,536,0.04367143544770036
NOR,537,0.04485063417171453
NOR,538,0.044262229143598786
NOR,539,0.038437024918661966
NOR,540,0.045420644182242675
NOR,541,0.04463284988683125
NOR,542,0.04328649865828482
NOR,543,0.043983992488017654
NOR,544,0.04400896717084546
NOR,545,0.04795872144601265
NOR,546,0.04775307265790607
NOR,547,0.04475675883894692
NOR,548,0.045009085090969236
NOR,549,0.04487341207931028
NOR,550,0.04716118601599084
NOR,551,0.043084544021173565
NOR,552,0.042883969849557446
NOR,553,0.04522450885705909
NOR,554,0.045381274155804396
NOR,555,0.04532660631003016
NOR,556,0.03966098042137478
NOR,557,0.04272813691231214
NOR,558,0.04568924726096091
NOR,559,0.041235623401158494
NOR,560,0.040467683866033055
NOR,561,0.04586322134211129
NOR,562,0.0454539317211915
NOR,563,0.04544731485610887
NOR,564,0.04363320425533512
NOR,565,0.041368729542498484
NOR,566,0.04552398241399125
NOR,567,0.039110864713508775
NOR,568,0.045851338332538294
NOR,569,0.0475053089142341
NOR,570,0.047270280056066594
NOR,571,0.046010968015951836
NOR,572,0.046768170287180055
NOR,573,0.04538559597048453
NOR,574,0.04450391085498839
NOR,575,0.041329608167379406
NOR,576,0.04314186272577636
NOR,577,0.04178682030390313
NOR,578,0.045106397740485527
NOR,579,0.044047118080718595
NOR,580,0.04704777113020786
NOR,581,0.046214647377949
NOR,582,0.046828423264493435
NOR,583,0.043492578206436816
NOR,584,0.04687736531792941
NOR,585,0.04169264047644483
NOR,586,0.043167201625887386
NOR,587,0.04289409392858179
NOR,588,0.04156886138375837
NOR,589,0.04297482550706677
NOR,590,0.042240647436696754
NOR,591,0.04203987228534001
NOR,592,0.04715507003092734
NOR,593,0.04359624746659119
NOR,594,0.04289625730949098
NOR,595,0.04435505777831905
NOR,596,0.04025938937519824
NOR,597,0.04404978223459988
NOR,598,0.045215635249230224
NOR,599,0.041434269065941165
NOR,600,0.03908948283972835
NOR,601,0.04344687268051928
NOR,602,0.042526072646198676
NOR,603,0.04636377744278153
NOR,604,0.04133985171356247
NOR,605,0.04624310224875072
NOR,606,0.044400621997498946
NOR,607,0.04279326376301962
NOR,608,0.04085787284385456
NOR,609,0.043363722711779795
NOR,610,0.04827252423323958
NOR,611,0.043307970097316795
NOR,612,0.04138894625901768
NOR,613,0.04561042767759216
NOR,614,0.040128539084234416
NOR,615,0.04377867156096116
NOR,616,0.04708044374430587
NOR,617,0.042418420690374825
NOR,618,0.04754990407892279
NOR,619,0.042021886308610146
NOR,620,0.04253437641592739
NOR,621,0.04341539926805282
NOR,622,0.04105870741413287
NOR,623,0.04480936141377756
NOR,624,0.04441165826458349
NOR,625,0.038122229385795015
NOR,626,0.046106437064039496
NOR,627,0.04370187181368801
NOR,628,0.046218650380535964
NOR,629,0.047992805597289134
NOR,630,0.041685050754411535
NOR,631,0.042100678511616585
NOR,632,0.04624178232876175
NOR,633,0.04527591593910529
NOR,634,0.040660900444306036
NOR,635,0.036772406833765925
NOR,636,0.0454493977244218
NOR,637,0.04476324451801006
NOR,638,0.04031885755670406
NOR,639,0.0460769207674967
NOR,640,0.04175589653933365
NOR,641,0.040801031318088765
NOR,642,0.044613961891580955
NOR,643,0.04457492850614275
NOR,644,0.040716645179074584
NOR,645,0.039998914540566255
NOR,646,0.04236937056744361
NOR,647,0.043693584174179456
NOR,648,0.04575186239821849
NOR,649,0.04333770123655889
NOR,650,0.04492254841599874
NOR,651,0.04334458058941859
NOR,652,0.04383678076636288
NOR,653,0.0412127186043979
NOR,654,0.04175500599786419
NOR,655,0.0431345270631861
NOR,656,0.045631111687306714
NOR,657,0.04326723878980854
NOR,658,0.040059415733277204
NOR,659,0.04126064422871334
NOR,660,0.04581768270119757
NOR,661,0.04233112273423523
NOR,662,0.040773904310273945
NOR,663,0.045821520859843035
NOR,664,0.03853484410684982
NOR,665,0.04394961915401707
NOR,666,0.042169571166442044
NOR,667,0.03804015134728711
NOR,668,0.04713133871242581
NOR,669,0.0465550145878183
NOR,670,0.0454958783506596
NOR,671,0.04530306275866314
NOR,672,0.041980508911587555
NOR,673,0.04097677766663099
NOR,674,0.04028000886846905
NOR,675,0.04048273554021742
NOR,676,0.042091797870765224
NOR,677,0.0349594353012499
NOR,678,0.04100189244020158
NOR,679,0.039137993952675476
NOR,680,0.039869726039045705
NOR,681,0.04056634334582965
NOR,682,0.044962937319945606
NOR,683,0.040168476721338275
NOR,684,0.04198420435094763
NOR,685,0.04254654747448183
NOR,686,0.036524409319753315
NOR,687,0.043310211462801895
NOR,688,0.04410249170140157
NOR,689,0.04480311566645512
NOR,690,0.04342742593853999
NOR,691,0.038799477777462954
NOR,692,0.04510489017565278
NOR,693,0.04510491077482548
NOR,694,0.04421342965660113
NOR,695,0.0394973836900665
NOR,696,0.03839949912147678
NOR,697,0.04301870240760941
NOR,698,0.045938266492349666
NOR,699,0.04416428877851486
NOR,700,0.04301359750498124
NOR,701,0.04460380538597464
NOR,702,0.04552552542368482
NOR,703,0.04458251051397599
NOR,704,0.04100019295095059
NOR,705,0.043804864630527685
NOR,706,0.04140364391162321
NOR,707,0.04210014153657449
NOR,708,0.0427725087304025
NOR,709,0.044699187903378124
NOR,710,0.0444593659573167
NOR,711,0.043165612291308886
NOR,712,0.04446280574069561
NOR,713,0.04051685273853711
NOR,714,0.04847817498373841
NOR,715,0.04572201006418519
NOR,716,0.04525059576244406
NOR,717,0.04294280679556439
NOR,718,0.04210636311464555
NOR,719,0.043775227854761956
NOR,720,0.04233744784353721
NOR,721,0.03895551788192697
NOR,722,0.04757736961617853
NOR,723,0.04430548634099307
NOR,724,0.041314113431609845
NOR,725,0.045530681621528735
NOR,726,0.04074898993877951
NOR,727,0.04502996238086565
NOR,728,0.04054474810662734
NOR,729,0.039625903074760105
NOR,730,0.037504951018165755
NOR,731,0.04323862645502763
NOR,732,0.044180971952388015
NOR,733,0.04289467171349004
NOR,734,0.040318904729007565
NOR,735,0.04301709773597118
NOR,736,0.04057270155396431
NOR,737,0.04356863443372694
NOR,738,0.04300133199654943
NOR,739,0.04196379856612231
NOR,740,0.04787999117577402
NOR,741,0.040228461499669965
NOR,742,0.03970678136169814
NOR,743,0.041482895892555494
NOR,744,0.04693249621543094
NOR,745,0.041406193783038114
NOR,746,0.04532274128681513
NOR,747,0.04010997069919431
NOR,748,0.04536796807087029
NOR,749,0.04670529261023759
NOR,750,0.0371254396064894
NOR,751,0.04563890963651096
NOR,752,0.046752055134725023
NOR,753,0.038366515263294376
NOR,754,0.043275433380150385
NOR,755,0.04598773446892823
NOR,756,0.0435463223568584
NOR,757,0.04410134971823776
NOR,758,0.04520828944959088
NOR,759,0.04767604480744225
NOR,760,0.04153086111210558
NOR,761,0.04304260236378732
NOR,762,0.04379370261702087
NOR,763,0.04045669284804887
NOR,764,0.045800793062588885
NOR,765,0.043435929795065276
NOR,766,0.0440924779381745
NOR,767,0.04807133445748035
NOR,768,0.04218046199159842
NOR,769,0.0389338983799522
NOR,770,0.04560671258445692
NOR,771,0.04569964377123126
NOR,772,0.040184515870968496
NOR,773,0.042080083343038255
NOR,774,0.04256831632487246
NOR,775,0.04123423201066867
NOR,776,0.04390991679940126
NOR,777,0.04923082149536939
NOR,778,0.04090637284255294
NOR,779,0.04286396995534747
NOR,780,0.03931847320120396
NOR,781,0.043566509645724505
NOR,782,0.043755544156561466
NOR,783,0.04289334125991917
NOR,784,0.04642248865701959
NOR,785,0.04299383272185786
NOR,786,0.03982148755825454
NOR,787,0.044199695955733365
NOR,788,0.0457309275256198
NOR,789,0.04240863434300157
NOR,790,0.04830926110111611
NOR,791,0.04412205512536449
NOR,792,0.040001080599698646
NOR,793,0.04877813410538767
NOR,794,0.045041223634744054
NOR,795,0.043928018551543824
NOR,796,0.044781974586841966
NOR,797,0.043793830497532604
NOR,798,0.044169186127446136
NOR,799,0.04404031819950538
NOR,800,0.03720747068212327
NOR,801,0.043693835761462574
NOR,802,0.03993429547370031
NOR,803,0.042741099723840215
NOR,804,0.04138807282331569
NOR,805,0.04012799758434249
NOR,806,0.04103857768952235
NOR,807,0.03998869001699612
NOR,808,0.04303143940555243
NOR,809,0.04095910142041981
NOR,810,0.046123386840083214
NOR,811,0.04607174897412902
NOR,812,0.040650570687772225
NOR,813,0.04661810842830749
NOR,814,0.0433991153203761
NOR,815,0.04043156006445647
NOR,816,0.04522056345088443
NOR,817,0.04500490284229053
NOR,818,0.043966071638665505
NOR,819,0.041834613807344434
NOR,820,0.04518167385758687
NOR,821,0.04308756585887141
NOR,822,0.04212769404931138
NOR,823,0.05007643294966602
NOR,824,0.04507651981496974
NOR,825,0.04671688626177217
NOR,826,0.046715425716942316
NOR,827,0.042428071671270384
NOR,828,0.05044337319151071
NOR,829,0.04016831140513588
NOR,830,0.039345270163518076
NOR,831,0.047400058942693724
NOR,832,0.04301969693158347
NOR,833,0.04004825504753706
NOR,834,0.04662073161744029
NOR,835,0.041653907464685114
NOR,836,0.04576133816136185
NOR,837,0.04242907582361277
NOR,838,0.04423499772094319
NOR,839,0.044874449947828965
NOR,840,0.04581211315612144
NOR,841,0.04212069631050841
NOR,842,0.044106418998889674
NOR,843,0.04204860615659278
NOR,844,0.041368288988172686
NOR,845,0.04280473480323266
NOR,846,0.042945006129069374
NOR,847,0.04303207583071833
NOR,848,0.03898133507882218
NOR,849,0.04583043600790382
NOR,850,0.04356417909853838
NOR,851,0.04354830728686798
NOR,852,0.04901109206805876
NOR,853,0.03705749145697912
NOR,854,0.04125125065508173
NOR,855,0.040301740811691245
NOR,856,0.04154502634544066
NOR,857,0.04378155715386367
NOR,858,0.043992021750372756
NOR,859,0.044500286246803133
NOR,860,0.04363845106470965
NOR,861,0.04699422637000217
NOR,862,0.03964697171332765
NOR,863,0.04203621286248527
NOR,864,0.044200542020725986
NOR,865,0.04515249451327452
NOR,866,0.04075899380042591
NOR,867,0.04281565176010693
NOR,868,0.04640543233007477
NOR,869,0.04449107987656742
NOR,870,0.04405301382907445
NOR,871,0.04487677009076352
NOR,872,0.04170833691911857
NOR,873,0.04554107639938865
NOR,874,0.04377148924660912
NOR,875,0.04463833196073719
NOR,876,0.042917146576419984
NOR,877,0.047549119189849165
NOR,878,0.0463428954886933
NOR,879,0.041917796361900406
NOR,880,0.04692473718768919
NOR,881,0.04719871881312954
NOR,882,0.04341931368339591
NOR,883,0.042847273538547226
NOR,884,0.04090164926835993
NOR,885,0.04077087270080049
NOR,886,0.046638731717336124
NOR,887,0.039846226823695985
NOR,888,0.03684741551935433
NOR,889,0.044035904430879125
NOR,890,0.03747675738772982
NOR,891,0.04567084869396365
NOR,892,0.04127973662957263
NOR,893,0.04463802465479405
NOR,894,0.043912893728101365
NOR,895,0.0383547122937995
NOR,896,0.0409638222484644
NOR,897,0.04200792316364632
NOR,898,0.04477781297523309
NOR,899,0.03940968317496529
NOR,900,0.039120873292362135
NOR,901,0.039368104158782335
NOR,902,0.040815406899107454
NOR,903,0.047859455706587006
NOR,904,0.04385712274421738
NOR,905,0.04386193120100512
NOR,906,0.04770913431701973
NOR,907,0.04724880525403319
NOR,908,0.038140035146834284
NOR,909,0.042880891007404665
NOR,910,0.04213466423217682
NOR,911,0.048192563872384686
NOR,912,0.04042542425849094
NOR,913,0.04514001148781743
NOR,914,0.04302814028951141
NOR,915,0.04079118177979957
NOR,916,0.04289412806919979
NOR,917,0.045492836195336284
NOR,918,0.03821217387249065
NOR,919,0.044762127128382456
NOR,920,0.04020486088716224
NOR,921,0.04398540480758473
NOR,922,0.04809117101301197
NOR,923,0.04477820447188141
NOR,924,0.04142713775839535
NOR,925,0.05003810694583377
NOR,926,0.04586013518059773
NOR,927,0.04155018204373184
NOR,928,0.04251370797305065
NOR,929,0.043022217665734
NOR,930,0.04191616467412851
NOR,931,0.04411728191946762
NOR,932,0.04548736967033784
NOR,933,0.04792383329623662
NOR,934,0.04687144892480388
NOR,935,0.03956297265187447
NOR,936,0.04562251689874053
NOR,937,0.04210773623217623
NOR,938,0.04516491626114838
NOR,939,0.04105217869525557
NOR,940,0.045300543761422674
NOR,941,0.04235722944909648
NOR,942,0.04850767330736516
NOR,943,0.039513743503494236
NOR,944,0.04523563640794814
NOR,945,0.04454672141088056
NOR,946,0.04660146346489202
NOR,947,0.039642578130895556
NOR,948,0.04564145330570302
NOR,949,0.04591988615317366
NOR,950,0.04636931393233401
NOR,951,0.04442231402294572
NOR,952,0.04220158492818771
NOR,953,0.04293480716887965
NOR,954,0.04433668590153961
NOR,955,0.04429029814600194
NOR,956,0.04255704431297158
NOR,957,0.044254016270786734
NOR,958,0.043083874463372474
NOR,959,0.04308594419753187
NOR,960,0.044536601200378056
NOR,961,0.043111677863473696
NOR,962,0.04471306135064024
NOR,963,0.04541091910244277
NOR,964,0.04241454876017581
NOR,965,0.0426275597185235
NOR,966,0.04743812478975995
NOR,967,0.044774915309427454
NOR,968,0.04295900357678073
NOR,969,0.045365932906863304
NOR,970,0.039793255498551394
NOR,971,0.04105089008435803
NOR,972,0.04068355786868094
NOR,973,0.043541059950058525
NOR,974,0.04460319028009352
NOR,975,0.04180099891783684
NOR,976,0.04296329036646973
NOR,977,0.04471965944179057
NOR,978,0.04389041659775428
NOR,979,0.04705668518566275
NOR,980,0.04531765740835714
NOR,981,0.045649154835916916
NOR,982,0.04211041202380905
NOR,983,0.038630748608125653
NOR,984,0.04460773643083471
NOR,985,0.03896415230263128
NOR,986,0.040080600672538935
NOR,987,0.04416439689481633
NOR,988,0.04270726273673764
NOR,989,0.04040880699678351
NOR,990,0.04247400805515711
NOR,991,0.041785345349238945
NOR,992,0.04479906489515517
NOR,993,0.04632759363790506
NOR,994,0.048714676484688746
NOR,995,0.04204496250330736
NOR,996,0.041848499085368585
NOR,997,0.04474692631038191
NOR,998,0.044932159681761896
NOR,999,0.0414973297102581
AND_OR_NOT,0,0.050223955445940605
AND_OR_NOT,1,0.05472070346538649
AND_OR_NOT,2,0.053297888332882626
AND_OR_NOT,3,0.05049478416647557
AND_OR_NOT,4,0.05262838528100511
AND_OR_NOT,5,0.05155877523035546
AND_OR_NOT,6,0.05068307333338651
AND_OR_NOT,7,0.05086525703317957
AND_OR_NOT,8,0.05384383436320073
AND_OR_NOT,9,0.04885751216213052
AND_OR_NOT,10,0.05175607431665308
AND_OR_NOT,11,0.04924360090327762
AND_OR_NOT,12,0.04856264673841826
AND_OR_NOT,13,0.05303213792150774
AND_OR_NOT,14,0.05330559925203582
AND_OR_NOT,15,0.04594410312996766
AND_OR_NOT,16,0.05258315886829068
AND_OR_NOT,17,0.0533085842970773
AND_OR_NOT,18,0.04832345780077174
AND_OR_NOT,19,0.051786871571733006
AND_OR_NOT,20,0.051524656966283944
AND_OR_NOT,21,0.05132851839192376
AND_OR_NOT,22,0.05357640796385432
AND_OR_NOT,23,0.05116746973505182
AND_OR_NOT,24,0.054821209950804195
AND_OR_NOT,25,0.05243038914008091
AND_OR_NOT,26,0.0534009384423032
AND_OR_NOT,27,0.0496052713446703
AND_OR_NOT,28,0.0525358122469366
AND_OR_NOT,29,0.05357142603013565
AND_OR_NOT,30,0.045524453271516885
AND_OR_NOT,31,0.05010910343046038
AND_OR_NOT,32,0.05433705619715379
AND_OR_NOT,33,0.05264291023094636
AND_OR_NOT,34,0.048238650083224144
AND_OR_NOT,35,0.05225127822564413
AND_OR_NOT,36,0.051950413055883105
AND_OR_NOT,37,0.052822553867419075
AND_OR_NOT,38,0.05402370870138096
AND_OR_NOT,39,0.04701431454012406
AND_OR_NOT,40,0.04592900346199391
AND_OR_NOT,41,0.0516587659392197
AND_OR_NOT,42,0.0534690670042649
AND_OR_NOT,43,0.048504350698394316
AND_OR_NOT,44,0.05362590789092092
AND_OR_NOT,45,0.04888661140498218
AND_OR_NOT,46,0.051926626108954266
AND_OR_NOT,47,0.051403451068716244
AND_OR_NOT,48,0.05126873075278848
AND_OR_NOT,49,0.0517787435608319
AND_OR_NOT,50,0.05172471242694354
AND_OR_NOT,51,0.05021665927034957
AND_OR_NOT,52,0.052717308082160796
AND_OR_NOT,53,0.052489707709203914
AND_OR_NOT,54,0.0511498144537208
AND_OR_NOT,55,0.05201850814441744
AND_OR_NOT,56,0.054185085521584186
AND_OR_NOT,57,0.055490565953319915
AND_OR_NOT,58,0.05293371750926146
AND_OR_NOT,59,0.055156825363873785
AND_OR_NOT,60,0.05025345476062815
AND_OR_NOT,61,0.04961124640135817
AND_OR_NOT,62,0.04791635958819063
AND_OR_NOT,63,0.05479856069480793
AND_OR_NOT,64,0.05260914501299374
AND_OR_NOT,65,0.05418597682989201
AND_OR_NOT,66,0.05266617587013611
AND_OR_NOT,67,0.049021368445433144
AND_OR_NOT,68,0.05414371954884056
AND_OR_NOT,69,0.04741036602168924
AND_OR_NOT,70,0.04968943424456829
AND_OR_NOT,71,0.04992589152371951
AND_OR_NOT,72,0.053063761369954165
AND_OR_NOT,73,0.05093120032974319
AND_OR_NOT,74,0.04957090620552018
AND_OR_NOT,75,0.04938688438245897
AND_OR_NOT,76,0.05194753334891111
AND_OR_NOT,77,0.05444620639899289
AND_OR_NOT,78,0.050381758117968634
AND_OR_NOT,79,0.051909675029381486
AND_OR_NOT,80,0.052430144993324324
AND_OR_NOT,81,0.053262929792024516
AND_OR_NOT,82,0.05303341354730973
AND_OR_NOT,83,0.056496061077948356
AND_OR_NOT,84,0.050375871176453146
AND_OR_NOT,85,0.05583148919008751
AND_OR_NOT,86,0.05319580215827269
AND_OR_NOT,87,0.05407350493497476
AND_OR_NOT,88,0.052299965489390865
AND_OR_NOT,89,0.05169892011449417
AND_OR_NOT,90,0.05135124728302831
AND_OR_NOT,91,0.05046821675897517
AND_OR_NOT,92,0.04891104821667047
AND_OR_NOT,93,0.051519102074951806
AND_OR_NOT,94,0.05057214160896628
AND_OR_NOT,95,0.0524353865945939
AND_OR_NOT,96,0.04649655192895363
AND_OR_NOT,97,0.053333677197075935
AND_OR_NOT,98,0.051883571867793465
AND_OR_NOT,99,0.052059061315258615
AND_OR_NOT,100,0.05099019044107811
AND_OR_NOT,101,0.05457939330237249
AND_OR_NOT,102,0.04949775848258342
AND_OR_NOT,103,0.04862566019333514
AND_OR_NOT,104,0.0527881187583199
AND_OR_NOT,105,0.05510993534414799
AND_OR_NOT,106,0.05326752354617603
AND_OR_NOT,107,0.05460717279266725
AND_OR_NOT,108,0.0525733599567183
AND_OR_NOT,109,0.05147740012186397
AND_OR_NOT,110,0.056589711999325054
AND_OR_NOT,111,0.048146970005793044
AND_OR_NOT,112,0.0516284919684481
AND_OR_NOT,113,0.053951285220613654
AND_OR_NOT,114,0.05432527529460984
AND_OR_NOT,115,0.0547856663874986
AND_OR_NOT,116,0.05328669227452976
AND_OR_NOT,117,0.051632010268938267
AND_OR_NOT,118,0.05158122367464191
AND_OR_NOT,119,0.05289141660959151
AND_OR_NOT,120,0.05122465646029717
AND_OR_NOT,121,0.05316843871317023
AND_OR_NOT,122,0.05570866571812849
AND_OR_NOT,123,0.051080046463280904
AND_OR_NOT,124,0.05418711236960416
AND_OR_NOT,125,0.05319337298003579
AND_OR_NOT,126,0.04657070438004918
AND_OR_NOT,127,0.05273944334156866
AND_OR_NOT,128,0.05182027328105787
AND_OR_NOT,129,0.05184225323721914
AND_OR_NOT,130,0.048762749323078114
AND_OR_NOT,131,0.04853577346349558
AND_OR_NOT,132,0.055747698290826486
AND_OR_NOT,133,0.05378594168905115
AND_OR_NOT,134,0.0527924380914786
AND_OR_NOT,135,0.051565509260723785
AND_OR_NOT,136,0.04768600463004147
AND_OR_NOT,137,0.050932837695833344
AND_OR_NOT,138,0.04916008375676706
AND_OR_NOT,139,0.05128383285083138
AND_OR_NOT,140,0.04996790036230825
AND_OR_NOT,141,0.05010996490566366
AND_OR_NOT,142,0.05110533784572857
AND_OR_NOT,143,0.048523506295992114
AND_OR_NOT,144,0.04992917226578897
AND_OR_NOT,145,0.05281283585033869
AND_OR_NOT,146,0.05138556247782211
AND_OR_NOT,147,0.0498857195931971
AND_OR_NOT,148,0.05332503618011897
AND_OR_NOT,149,0.047466920963407766
AND_OR_NOT,150,0.04955671121857519
AND_OR_NOT,151,0.04582700211061519
AND_OR_NOT,152,0.05132936980224212
AND_OR_NOT,153,0.04749763690061737
AND_OR_NOT,154,0.0496015306376516
AND_OR_NOT,155,0.052908935812436386
AND_OR_NOT,156,0.04943174698717423
AND_OR_NOT,157,0.05751354325305247
AND_OR_NOT,158,0.05371134165135061
AND_OR_NOT,159,0.05000035132177083
AND_OR_NOT,160,0.05220337378519457
AND_OR_NOT,161,0.04614093735861613
AND_OR_NOT,162,0.054561569815096966
AND_OR_NOT,163,0.051070390582752645
AND_OR_NOT,164,0.04945746302720655
AND_OR_NOT,165,0.05269978938834696
AND_OR_NOT,166,0.051586261686190626
AND_OR_NOT,167,0.04527288082565295
AND_OR_NOT,168,0.05126677304228766
AND_OR_NOT,169,0.054693215972255405
AND_OR_NOT,170,0.0523070399211627
AND_OR_NOT,171,0.04907668900804707
AND_OR_NOT,172,0.05254691274486789
AND_OR_NOT,173,0.052692824759337564
AND_OR_NOT,174,0.05255664634132862
AND_OR_NOT,175,0.05304061081106526
AND_OR_NOT,176,0.050586404817984265
AND_OR_NOT,177,0.05480824116163985
AND_OR_NOT,178,0.054567383716836226
AND_OR_NOT,179,0.044331948807028954
AND_OR_NOT,180,0.05171739179515822
AND_OR_NOT,181,0.05079041459594491
AND_OR_NOT,182,0.053590649914424304
AND_OR_NOT,183,0.0530018833656134
AND_OR_NOT,184,0.04874374785506708
AND_OR_NOT,185,0.050091143796802906
AND_OR_NOT,186,0.05024753586127795
AND_OR_NOT,187,0.05089795225329685
AND_OR_NOT,188,0.05080163213522493
AND_OR_NOT,189,0.048266290322126815
AND_OR_NOT,190,0.050824283738246656
AND_OR_NOT,191,0.05138942564037219
AND_OR_NOT,192,0.05288303019445073
AND_OR_NOT,193,0.05077337225095391
AND_OR_NOT,194,0.05170292908229723
AND_OR_NOT,195,0.051774294203412174
AND_OR_NOT,196,0.05652971082782998
AND_OR_NOT,197,0.048298549107911315
AND_OR_NOT,198,0.05144502300673903
AND_OR_NOT,199,0.05098395470532879
AND_OR_NOT,200,0.05425091100347135
AND_OR_NOT,201,0.05168342859424724
AND_OR_NOT,202,0.050618933545993894
AND_OR_NOT,203,0.05241824696163189
AND_OR_NOT,204,0.05377496461311404
AND_OR_NOT,205,0.054176906939080394
AND_OR_NOT,206,0.04888004436029458
AND_OR_NOT,207,0.054084966515406396
AND_OR_NOT,208,0.05472541800058761
AND_OR_NOT,209,0.052735877225956296
AND_OR_NOT,210,0.05262446255324471
AND_OR_NOT,211,0.05339883269265755
AND_OR_NOT,212,0.05285378806818908
AND_OR_NOT,213,0.049834633236299664
AND_OR_NOT,214,0.049971930825467914
AND_OR_NOT,215,0.05145056220807698
AND_OR_NOT,216,0.05041896894432174
AND_OR_NOT,217,0.054751852415863
AND_OR_NOT,218,0.05397169330371765
AND_OR_NOT,219,0.050684986546134514
AND_OR_NOT,220,0.05252378148251857
AND_OR_NOT,221,0.05152623190637673
AND_OR_NOT,222,0.05085215689873768
AND_OR_NOT,223,0.052572361524781064
AND_OR_NOT,224,0.04787871327831161
AND_OR_NOT,225,0.052280190104705415
AND_OR_NOT,226,0.054019769663480544
AND_OR_NOT,227,0.04825514863613212
AND_OR_NOT,228,0.05184321103261347
AND_OR_NOT,229,0.05061667911515477
AND_OR_NOT,230,0.054247695729278234
AND_OR_NOT,231,0.05176645496583898
AND_OR_NOT,232,0.050885314892203604
AND_OR_NOT,233,0.052306575696175694
AND_OR_NOT,234,0.05036334626555827
AND_OR_NOT,235,0.05191350140616069
AND_OR_NOT,236,0.049489743434767974
AND_OR_NOT,237,0.051654727550860646
AND_OR_NOT,238,0.05015123485879458
AND_OR_NOT,239,0.050879068871396704
AND_OR_NOT,240,0.053263098047272694
AND_OR_NOT,241,0.04937444448622219
AND_OR_NOT,242,0.05397138030092641
AND_OR_NOT,243,0.0512120168237995
AND_OR_NOT,244,0.04868534872048247
AND_OR_NOT,245,0.050618025894548335
AND_OR_NOT,246,0.05008463536503294
AND_OR_NOT,247,0.04897482717603252
AND_OR_NOT,248,0.05254711388701283
AND_OR_NOT,249,0.046033597761380385
AND_OR_NOT,250,0.04219533620810212
AND_OR_NOT,251,0.052025194762452265
AND_OR_NOT,252,0.052044497456706806
AND_OR_NOT,253,0.0568262398412116
AND_OR_NOT,254,0.04773092801188361
AND_OR_NOT,255,0.051487751042779806
AND_OR_NOT,256,0.052993795662491405
AND_OR_NOT,257,0.047982784420454005
AND_OR_NOT,258,0.053801633859777986
AND_OR_NOT,259,0.051345664086554166
AND_OR_NOT,260,0.048500768913086634
AND_OR_NOT,261,0.048937737486962396
AND_OR_NOT,262,0.05462602440281694
AND_OR_NOT,263,0.05043220585517261
AND_OR_NOT,264,0.04707968091316339
AND_OR_NOT,265,0.04981469321042897
AND_OR_NOT,266,0.052243847639072416
AND_OR_NOT,267,0.053894498811002944
AND_OR_NOT,268,0.055436535876034365
AND_OR_NOT,269,0.055592075979217226
AND_OR_NOT,270,0.050356573054431086
AND_OR_NOT,271,0.05043597755758822
AND_OR_NOT,272,0.04910202446349832
AND_OR_NOT,273,0.05369426133090682
AND_OR_NOT,274,0.05403695225999894
AND_OR_NOT,275,0.053733022922820894
AND_OR_NOT,276,0.05042831638324896
AND_OR_NOT,277,0.052889868943580165
AND_OR_NOT,278,0.05331129365359133
AND_OR_NOT,279,0.053207748332681604
AND_OR_NOT,280,0.053724230635287085
AND_OR_NOT,281,0.053772392035273286
AND_OR_NOT,282,0.05422710219925797
AND_OR_NOT,283,0.0505850372700557
AND_OR_NOT,284,0.05083689317182016
AND_OR_NOT,285,0.04892153825551948
AND_OR_NOT,286,0.05039251094650765
AND_OR_NOT,287,0.05583946114443661
AND_OR_NOT,288,0.04975656455387467
AND_OR_NOT,289,0.052592469812232756
AND_OR_NOT,290,0.052367322420597606
AND_OR_NOT,291,0.05077177392574195
AND_OR_NOT,292,0.055127001484536864
AND_OR_NOT,293,0.04810697045181478
AND_OR_NOT,294,0.05428775660687901
AND_OR_NOT,295,0.05603704779101304
AND_OR_NOT,296,0.048010840948258804
AND_OR_NOT,297,0.050445737713732286
AND_OR_NOT,298,0.05030515742273489
AND_OR_NOT,299,0.04994817378408112
AND_OR_NOT,300,0.053921372475712936
AND_OR_NOT,301,0.053243951878224616
AND_OR_NOT,302,0.05094288028315885
AND_OR_NOT,303,0.047822558088879696
AND_OR_NOT,304,0.052498290037017115
AND_OR_NOT,305,0.05260809482956408
AND_OR_NOT,306,0.049508804089890224
AND_OR_NOT,307,0.05206916491478342
AND_OR_NOT,308,0.05072320530529584
AND_OR_NOT,309,0.05104582230203736
AND_OR_NOT,310,0.05009224146908198
AND_OR_NOT,311,0.05052053299197634
AND_OR_NOT,312,0.05109676701658972
AND_OR_NOT,313,0.0511375929457889
AND_OR_NOT,314,0.049829667087961105
AND_OR_NOT,315,0.054139309086144505
AND_OR_NOT,316,0.05204403123384116
AND_OR_NOT,317,0.05293292309367237
AND_OR_NOT,318,0.05169123683595367
AND_OR_NOT,319,0.05168743742658066
AND_OR_NOT,320,0.04693896110408724
AND_OR_NOT,321,0.04927456632909388
AND_OR_NOT,322,0.05564050112558183
AND_OR_NOT,323,0.04962178268067363
AND_OR_NOT,324,0.04796812838177178
AND_OR_NOT,325,0.051322675079039204
AND_OR_NOT,326,0.05107264561793523
AND_OR_NOT,327,0.05245707344224393
AND_OR_NOT,328,0.05516780660330112
AND_OR_NOT,329,0.047799666768235105
AND_OR_NOT,330,0.053014323604275604
AND_OR_NOT,331,0.04779650729407614
AND_OR_NOT,332,0.05140767738044394
AND_OR_NOT,333,0.049990679880064004
AND_OR_NOT,334,0.05499322315625643
AND_OR_NOT,335,0.05343711729698286
AND_OR_NOT,336,0.04447143799916453
AND_OR_NOT,337,0.050900048918812835
AND_OR_NOT,338,0.052805051527039404
AND_OR_NOT,339,0.05020003603223122
AND_OR_NOT,340,0.047887429207240095
AND_OR_NOT,341,0.0501487324171942
AND_OR_NOT,342,0.0497045071238823
AND_OR_NOT,343,0.05218496495503544
AND_OR_NOT,344,0.051656434616734304
AND_OR_NOT,345,0.054957326467925616
AND_OR_NOT,346,0.05173617575186862
AND_OR_NOT,347,0.05250784433498623
AND_OR_NOT,348,0.05007051302895804
AND_OR_NOT,349,0.05209972136073904
AND_OR_NOT,350,0.051222990756115805
AND_OR_NOT,351,0.05342417016952816
AND_OR_NOT,352,0.05440868332667048
AND_OR_NOT,353,0.05359879211187646
AND_OR_NOT,354,0.0480109788343569
AND_OR_NOT,355,0.056098263224390155
AND_OR_NOT,356,0.052808265053932435
AND_OR_NOT,357,0.053047655073950595
AND_OR_NOT,358,0.055069063529756046
AND_OR_NOT,359,0.05432029782420189
AND_OR_NOT,360,0.05339739017927936
AND_OR_NOT,361,0.04988750357032057
AND_OR_NOT,362,0.05403921503408193
AND_OR_NOT,363,0.052962186633728314
AND_OR_NOT,364,0.04906525109528981
AND_OR_NOT,365,0.05219167491007637
AND_OR_NOT,366,0.0523430643394589
AND_OR_NOT,367,0.05007255548173717
AND_OR_NOT,368,0.05281783341164925
AND_OR_NOT,369,0.05236225134979111
AND_OR_NOT,370,0.04978347094138824
AND_OR_NOT,371,0.05263639621277738
AND_OR_NOT,372,0.050611635179947934
AND_OR_NOT,373,0.053053898535334265
AND_OR_NOT,374,0.05195736967305764
AND_OR_NOT,375,0.05008504164145511
AND_OR_NOT,376,0.0512677542211617
AND_OR_NOT,377,0.05029051185536815
AND_OR_NOT,378,0.05357535977291061
AND_OR_NOT,379,0.048280049861828433
AND_OR_NOT,380,0.05477473712592107
AND_OR_NOT,381,0.05411921424983679
AND_OR_NOT,382,0.05264337102489458
AND_OR_NOT,383,0.05210398510923264
AND_OR_NOT,384,0.05546673059378271
AND_OR_NOT,385,0.0513276478131085
AND_OR_NOT,386,0.048432683102286544
AND_OR_NOT,387,0.053447014183915065
AND_OR_NOT,388,0.05678469425576371
AND_OR_NOT,389,0.04972820514039855
AND_OR_NOT,390,0.0522656319402699
AND_OR_NOT,391,0.052080042822350125
AND_OR_NOT,392,0.05687430066312116
AND_OR_NOT,393,0.05107691003124015
AND_OR_NOT,394,0.05355146705320857
AND_OR_NOT,395,0.05569389975343353
AND_OR_NOT,396,0.052617965617571705
AND_OR_NOT,397,0.0499591816950945
AND_OR_NOT,398,0.051901169714602124
AND_OR_NOT,399,0.0524964123459043
AND_OR_NOT,400,0.05064375514043862
AND_OR_NOT,401,0.05443883412588735
AND_OR_NOT,402,0.05259212044812511
AND_OR_NOT,403,0.046750882711205866
AND_OR_NOT,404,0.052231625286772054
AND_OR_NOT,405,0.05138187862630528
AND_OR_NOT,406,0.05196558358825509
AND_OR_NOT,407,0.051458838245087235
AND_OR_NOT,408,0.05427486107994883
AND_OR_NOT,409,0.05507363330005399
AND_OR_NOT,410,0.04976772343037905
AND_OR_NOT,411,0.051009536678413125
AND_OR_NOT,412,0.05265474535264525
AND_OR_NOT,413,0.05221101077306267
AND_OR_NOT,414,0.050726026007288594
AND_OR_NOT,415,0.05235189689473685
AND_OR_NOT,416,0.049952667416644725
AND_OR_NOT,417,0.05349388708986236
AND_OR_NOT,418,0.04548805819321011
AND_OR_NOT,419,0.0517424407589443
AND_OR_NOT,420,0.04986292195197439
AND_OR_NOT,421,0.05049922536621665
AND_OR_NOT,422,0.04870640681727756
AND_OR_NOT,423,0.050441164440630626
AND_OR_NOT,424,0.04918009458009154
AND_OR_NOT,425,0.05465734387217114
AND_OR_NOT,426,0.05579074961699981
AND_OR_NOT,427,0.05317710874550341
AND_OR_NOT,428,0.05131502181361913
AND_OR_NOT,429,0.05309665852875223
AND_OR_NOT,430,0.05398013766638732
AND_OR_NOT,431,0.05159325844581908
AND_OR_NOT,432,0.05425989976466916
AND_OR_NOT,433,0.05205593476428649
AND_OR_NOT,434,0.04756106407871563
AND_OR_NOT,435,0.05465041267067672
AND_OR_NOT,436,0.056133669161588906
AND_OR_NOT,437,0.0518929078865602
AND_OR_NOT,438,0.05326745165226854
AND_OR_NOT,439,0.05015966983822695
AND_OR_NOT,440,0.05533231150218054
AND_OR_NOT,441,0.05356703533213014
AND_OR_NOT,442,0.05024498471030625
AND_OR_NOT,443,0.05564747813454074
AND_OR_NOT,444,0.04744420523671622
AND_OR_NOT,445,0.05473871130543306
AND_OR_NOT,446,0.04975759764018528
AND_OR_NOT,447,0.04871415280448599
AND_OR_NOT,448,0.04852068726420533
AND_OR_NOT,449,0.051670897185250086
AND_OR_NOT,450,0.054011576918559734
AND_OR_NOT,451,0.04953593662291489
AND_OR_NOT,452,0.05402902903691642
AND_OR_NOT,453,0.051632731788511466
AND_OR_NOT,454,0.05377367677069289
AND_OR_NOT,455,0.05225038790803849
AND_OR_NOT,456,0.04844455482095833
AND_OR_NOT,457,0.054819054876990014
AND_OR_NOT,458,0.04570718978988164
AND_OR_NOT,459,0.053800177521364234
AND_OR_NOT,460,0.04931580236947897
AND_OR_NOT,461,0.0483554465113466
AND_OR_NOT,462,0.047571235582104854
AND_OR_NOT,463,0.05432219168222652
AND_OR_NOT,464,0.05444686720875391
AND_OR_NOT,465,0.050326552146088055
AND_OR_NOT,466,0.048520990429474886
AND_OR_NOT,467,0.05220632550235971
AND_OR_NOT,468,0.04747713249155694
AND_OR_NOT,469,0.04959394215246726
AND_OR_NOT,470,0.05184452643064463
AND_OR_NOT,471,0.050859682236640724
AND_OR_NOT,472,0.05402780361089499
AND_OR_NOT,473,0.051278987911832385
AND_OR_NOT,474,0.04914925135402792
AND_OR_NOT,475,0.05030666969307196
AND_OR_NOT,476,0.05221707434917977
AND_OR_NOT,477,0.053636410429227954
AND_OR_NOT,478,0.057748285804176014
AND_OR_NOT,479,0.05290618471122632
AND_OR_NOT,480,0.050884067986335824
AND_OR_NOT,481,0.053897144231826566
AND_OR_NOT,482,0.052381564872194586
AND_OR_NOT,483,0.05301166224645526
AND_OR_NOT,484,0.051463580435472944
AND_OR_NOT,485,0.05283033286032435
AND_OR_NOT,486,0.05156751436339846
AND_OR_NOT,487,0.05022199346525946
AND_OR_NOT,488,0.05113251099705274
AND_OR_NOT,489,0.05450875259423649
AND_OR_NOT,490,0.051351201131073054
AND_OR_NOT,491,0.055779833786449684
AND_OR_NOT,492,0.053142702150656196
AND_OR_NOT,493,0.05295141931242431
AND_OR_NOT,494,0.04975782741486734
AND_OR_NOT,495,0.05298645589844919
AND_OR_NOT,496,0.05044612324229558
AND_OR_NOT,497,0.051335417367028735
AND_OR_NOT,498,0.050789973961034796
AND_OR_NOT,499,0.05181883054018632
AND_OR_NOT,500,0.05461719239078788
AND_OR_NOT,501,0.04928545771885795
AND_OR_NOT,502,0.05096831038889227
AND_OR_NOT,503,0.05045893379708388
AND_OR_NOT,504,0.05101577499925458
AND_OR_NOT,505,0.0515754055240677
AND_OR_NOT,506,0.0492434854203766
AND_OR_NOT,507,0.05505366469109629
AND_OR_NOT,508,0.04705068559190595
AND_OR_NOT,509,0.05169516819284481
AND_OR_NOT,510,0.053005225836592396
AND_OR_NOT,511,0.05271319634471083
AND_OR_NOT,512,0.054038754170323666
AND_OR_NOT,513,0.052117799419238664
AND_OR_NOT,514,0.05511224072501053
AND_OR_NOT,515,0.05329998718394735
AND_OR_NOT,516,0.05212996143916482
AND_OR_NOT,517,0.05044560814567989
AND_OR_NOT,518,0.047848169343778446
AND_OR_NOT,519,0.055238437942894514
AND_OR_NOT,520,0.051986091499745424
AND_OR_NOT,521,0.046915272422161536
AND_OR_NOT,522,0.05455396663884793
AND_OR_NOT,523,0.05402599363416194
AND_OR_NOT,524,0.05337000264108449
AND_OR_NOT,525,0.05089391168788804
AND_OR_NOT,526,0.053133460309218616
AND_OR_NOT,527,0.05180737804841595
AND_OR_NOT,528,0.057350054393642824
AND_OR_NOT,529,0.049874378235941985
AND_OR_NOT,530,0.050612206898852374
AND_OR_NOT,531,0.05272647350486481
AND_OR_NOT,532,0.0539057496738059
AND_OR_NOT,533,0.05148878258935119
AND_OR_NOT,534,0.05160213975622441
AND_OR_NOT,535,0.052348293278073
AND_OR_NOT,536,0.05022506526137649
AND_OR_NOT,537,0.053293257679491224
AND_OR_NOT,538,0.05438347037248936
AND_OR_NOT,539,0.04825132427641843
AND_OR_NOT,540,0.052970856066289596
AND_OR_NOT,541,0.04972651249221516
AND_OR_NOT,542,0.050778736751787235
AND_OR_NOT,543,0.05373719279709421
AND_OR_NOT,544,0.05059218081106276
AND_OR_NOT,545,0.052974892063818335
AND_OR_NOT,546,0.053652237892961585
AND_OR_NOT,547,0.05295134277946889
AND_OR_NOT,548,0.05133518697581907
AND_OR_NOT,549,0.04995566197910606
AND_OR_NOT,550,0.05285301660401964
AND_OR_NOT,551,0.05721141015966491
AND_OR_NOT,552,0.049895243055959826
AND_OR_NOT,553,0.05174384006454513
AND_OR_NOT,554,0.053931636543588346
AND_OR_NOT,555,0.049429237306454765
AND_OR_NOT,556,0.05097536721526563
AND_OR_NOT,557,0.05097517592809364
AND_OR_NOT,558,0.049541061561633626
AND_OR_NOT,559,0.055491067352675394
AND_OR_NOT,560,0.048923284077650564
AND_OR_NOT,561,0.047772608648098513
AND_OR_NOT,562,0.05310529144538223
AND_OR_NOT,563,0.054638760989528024
AND_OR_NOT,564,0.05324403778887221
AND_OR_NOT,565,0.05245123631162418
AND_OR_NOT,566,0.04959051329841291
AND_OR_NOT,567,0.048950420822955865
AND_OR_NOT,568,0.04823625798102993
AND_OR_NOT,569,0.051318049296687596
AND_OR_NOT,570,0.05106266601787446
AND_OR_NOT,571,0.056638687535143895
AND_OR_NOT,572,0.05542903621459705
AND_OR_NOT,573,0.05260072278544936
AND_OR_NOT,574,0.05288169779830254
AND_OR_NOT,575,0.05441764581093389
AND_OR_NOT,576,0.048466327389779185
AND_OR_NOT,577,0.05203592847913596
AND_OR_NOT,578,0.049151672626293164
AND_OR_NOT,579,0.04886403710563647
AND_OR_NOT,580,0.05207956016177606
AND_OR_NOT,581,0.046681299923247876
AND_OR_NOT,582,0.05228480203846719
AND_OR_NOT,583,0.05128418961013392
AND_OR_NOT,584,0.05298321444802101
AND_OR_NOT,585,0.053105472166273815
AND_OR_NOT,586,0.0520565989500158
AND_OR_NOT,587,0.050554433848584046
AND_OR_NOT,588,0.05032939235842915
AND_OR_NOT,589,0.050998586843331584
AND_OR_NOT,590,0.04940878426164985
AND_OR_NOT,591,0.05115941859277684
AND_OR_NOT,592,0.05076783983651956
AND_OR_NOT,593,0.05374247801941012
AND_OR_NOT,594,0.04975523880590915
AND_OR_NOT,595,0.05168719983751591
AND_OR_NOT,596,0.052464481209882674
AND_OR_NOT,597,0.05219500332994331
AND_OR_NOT,598,0.05239790755504847
AND_OR_NOT,599,0.05038396086879193
AND_OR_NOT,600,0.047697711792044406
AND_OR_NOT,601,0.04936048826036721
AND_OR_NOT,602,0.04998109267803985
AND_OR_NOT,603,0.050975680757926245
AND_OR_NOT,604,0.054182604344407026
AND_OR_NOT,605,0.05265017699042929
AND_OR_NOT,606,0.04905745324836219
AND_OR_NOT,607,0.050069295892726795
AND_OR_NOT,608,0.04883076769143113
AND_OR_NOT,609,0.049529068928887754
AND_OR_NOT,610,0.051431509796406205
AND_OR_NOT,611,0.0488022242966526
AND_OR_NOT,612,0.05395615128133835
AND_OR_NOT,613,0.0497699918178528
AND_OR_NOT,614,0.05069985485074613
AND_OR_NOT,615,0.05014709798525252
AND_OR_NOT,616,0.05501441967037679
AND_OR_NOT,617,0.05558480857915704
AND_OR_NOT,618,0.048347234718692955
AND_OR_NOT,619,0.0513866162287111
AND_OR_NOT,620,0.05651309845621322
AND_OR_NOT,621,0.05200677577561641
AND_OR_NOT,622,0.04997271011560944
AND_OR_NOT,623,0.051509360578089636
AND_OR_NOT,624,0.04911180982798535
AND_OR_NOT,625,0.04995518888497097
AND_OR_NOT,626,0.05180319115856247
AND_OR_NOT,627,0.05261049313825317
AND_OR_NOT,628,0.05098058100877634
AND_OR_NOT,629,0.046031392527601245
AND_OR_NOT,630,0.05166745350209612
AND_OR_NOT,631,0.052593908040653226
AND_OR_NOT,632,0.047694873938387894
AND_OR_NOT,633,0.054007941669960924
AND_OR_NOT,634,0.04839397198158513
AND_OR_NOT,635,0.053413272415568036
AND_OR_NOT,636,0.05121273442931695
AND_OR_NOT,637,0.05289377213656443
AND_OR_NOT,638,0.05147282358943939
AND_OR_NOT,639,0.04971222621732152
AND_OR_NOT,640,0.05156683819613084
AND_OR_NOT,641,0.049939801575686116
AND_OR_NOT,642,0.05135124143598868
AND_OR_NOT,643,0.05242913862919574
AND_OR_NOT,644,0.05008726624094806
AND_OR_NOT,645,0.05519466446636301
AND_OR_NOT,646,0.05471513567834485
AND_OR_NOT,647,0.05118537678233859
AND_OR_NOT,648,0.0460390029649107
AND_OR_NOT,649,0.054445942067507636
AND_OR_NOT,650,0.05373531963908784
AND_OR_NOT,651,0.05293529746992631
AND_OR_NOT,652,0.0548728966711598
AND_OR_NOT,653,0.050672695395345024
AND_OR_NOT,654,0.051142111770840826
AND_OR_NOT,655,0.04974060484649234
AND_OR_NOT,656,0.0522170831677683
AND_OR_NOT,657,0.049037956927758364
AND_OR_NOT,658,0.052131911050354196
AND_OR_NOT,659,0.04958804840302011
AND_OR_NOT,660,0.054252683667145196
AND_OR_NOT,661,0.04683048580907179
AND_OR_NOT,662,0.0559091086258825
AND_OR_NOT,663,0.050492076355122206
AND_OR_NOT,664,0.05078894247949217
AND_OR_NOT,665,0.05249035164563154
AND_OR_NOT,666,0.051760523014690474
AND_OR_NOT,667,0.05293654575615403
AND_OR_NOT,668,0.05186673781765794
AND_OR_NOT,669,0.05227857426855498
AND_OR_NOT,670,0.04725762960746016
AND_OR_NOT,671,0.04902537041282329
AND_OR_NOT,672,0.05109998089902723
AND_OR_NOT,673,0.053312412353581196
AND_OR_NOT,674,0.053745112895699054
AND_OR_NOT,675,0.05439477603107523
AND_OR_NOT,676,0.0493511900425736
AND_OR_NOT,677,0.054746688971655466
AND_OR_NOT,678,0.049369930202237455
AND_OR_NOT,679,0.05294919588779945
AND_OR_NOT,680,0.049732942594896135
AND_OR_NOT,681,0.048896645353225465
AND_OR_NOT,682,0.055033386199115464
AND_OR_NOT,683,0.052365875506513726
AND_OR_NOT,684,0.04754537566882566
AND_OR_NOT,685,0.04563663006385932
AND_OR_NOT,686,0.053891126231480624
AND_OR_NOT,687,0.05038250018177737
AND_OR_NOT,688,0.052235923804459516
AND_OR_NOT,689,0.0508048370247276
AND_OR_NOT,690,0.05103012533731344
AND_OR_NOT,691,0.05471381027281996
AND_OR_NOT,692,0.05266902764015691
AND_OR_NOT,693,0.05090674668550976
AND_OR_NOT,694,0.050677094524426036
AND_OR_NOT,695,0.05002897695849695
AND_OR_NOT,696,0.05321046583670508
AND_OR_NOT,697,0.05062098151250061
AND_OR_NOT,698,0.04913893832402083
AND_OR_NOT,699,0.04888224909164918
AND_OR_NOT,700,0.05162601564320912
AND_OR_NOT,701,0.050775606413694385
AND_OR_NOT,702,0.05278504330480571
AND_OR_NOT,703,0.0535008540365437
AND_OR_NOT,704,0.053019573086528715
AND_OR_NOT,705,0.05085166026245447
AND_OR_NOT,706,0.05415911042280386
AND_OR_NOT,707,0.0544149322098163
AND_OR_NOT,708,0.04834633088636542
AND_OR_NOT,709,0.054579456487780176
AND_OR_NOT,710,0.053099402859578704
AND_OR_NOT,711,0.05056858623512439
AND_OR_NOT,712,0.05131431554636312
AND_OR_NOT,713,0.049607490706514934
AND_OR_NOT,714,0.049222631484212354
AND_OR_NOT,715,0.05368451429173726
AND_OR_NOT,716,0.049754430191154886
AND_OR_NOT,717,0.05341674454723211
AND_OR_NOT,718,0.05223627891825733
AND_OR_NOT,719,0.052183966038860774
AND_OR_NOT,720,0.050810193602058074
AND_OR_NOT,721,0.05034040292605746
AND_OR_NOT,722,0.054084314548815016
AND_OR_NOT,723,0.05313004815685263
AND_OR_NOT,724,0.050449405094795674
AND_OR_NOT,725,0.05186714449827334
AND_OR_NOT,726,0.050230620176260565
AND_OR_NOT,727,0.05200973164020706
AND_OR_NOT,728,0.048967977331677126
AND_OR_NOT,729,0.05214119606326728
AND_OR_NOT,730,0.04835012038311892
AND_OR_NOT,731,0.05263224721232895
AND_OR_NOT,732,0.05101195499266509
AND_OR_NOT,733,0.05205547455225357
AND_OR_NOT,734,0.047935344770645316
AND_OR_NOT,735,0.05197955672471766
AND_OR_NOT,736,0.050179638555640116
AND_OR_NOT,737,0.048121580503438954
AND_OR_NOT,738,0.05199799228942592
AND_OR_NOT,739,0.0495173767915329
AND_OR_NOT,740,0.05058236424960483
AND_OR_NOT,741,0.051379806035339315
AND_OR_NOT,742,0.052041022950144455
AND_OR_NOT,743,0.051476753852560564
AND_OR_NOT,744,0.054647014424518914
AND_OR_NOT,745,0.055016045497178534
AND_OR_NOT,746,0.04962968418436742
AND_OR_NOT,747,0.052449274497323284
AND_OR_NOT,748,0.05325162501958003
AND_OR_NOT,749,0.055699067450199036
AND_OR_NOT,750,0.05128095091405871
AND_OR_NOT,751,0.05087228150169043
AND_OR_NOT,752,0.048246258481755344
AND_OR_NOT,753,0.0518027653956491
AND_OR_NOT,754,0.04775261685306442
AND_OR_NOT,755,0.05018782937182931
AND_OR_NOT,756,0.05068996227539091
AND_OR_NOT,757,0.051553493058710265
AND_OR_NOT,758,0.05306050115410588
AND_OR_NOT,759,0.04970331389197136
AND_OR_NOT,760,0.049988885513149284
AND_OR_NOT,761,0.05034254657894133
AND_OR_NOT,762,0.04949476463074198
AND_OR_NOT,763,0.053637615162210106
AND_OR_NOT,764,0.05144425452161561
AND_OR_NOT,765,0.05330168099139765
AND_OR_NOT,766,0.049198837152966135
AND_OR_NOT,767,0.048849174668635365
AND_OR_NOT,768,0.04858263550581621
AND_OR_NOT,769,0.05517883156148917
AND_OR_NOT,770,0.05335553960821193
AND_OR_NOT,771,0.04677093050231407
AND_OR_NOT,772,0.05155490998838563
AND_OR_NOT,773,0.053176944554629735
AND_OR_NOT,774,0.05137304574314505
AND_OR_NOT,775,0.05022859363829346
AND_OR_NOT,776,0.051210301158999605
AND_OR_NOT,777,0.052973105768836515
AND_OR_NOT,778,0.04421298080085523
AND_OR_NOT,779,0.05103939858174544
AND_OR_NOT,780,0.054099513193552995
AND_OR_NOT,781,0.05204737117308966
AND_OR_NOT,782,0.05617722469496289
AND_OR_NOT,783,0.05046479830919315
AND_OR_NOT,784,0.05349612379159718
AND_OR_NOT,785,0.05002557244074102
AND_OR_NOT,786,0.053167947610468835
AND_OR_NOT,787,0.04859882561735296
AND_OR_NOT,788,0.051780245709431294
AND_OR_NOT,789,0.052854439777129114
AND_OR_NOT,790,0.05060589501439272
AND_OR_NOT,791,0.051740963912693005
AND_OR_NOT,792,0.05554579802394943
AND_OR_NOT,793,0.05226719663704882
AND_OR_NOT,794,0.052139405214263856
AND_OR_NOT,795,0.0540348885251577
AND_OR_NOT,796,0.05518650221349619
AND_OR_NOT,797,0.05314890386644633
AND_OR_NOT,798,0.05106567865965461
AND_OR_NOT,799,0.04920254184975248
AND_OR_NOT,800,0.05162668233579004
AND_OR_NOT,801,0.05288830240950537
AND_OR_NOT,802,0.053379615825825955
AND_OR_NOT,803,0.053941816891102445
AND_OR_NOT,804,0.052096099153773
AND_OR_NOT,805,0.05377482002561229
AND_OR_NOT,806,0.050720600208450484
AND_OR_NOT,807,0.05309623785194706
AND_OR_NOT,808,0.0499005771300145
AND_OR_NOT,809,0.05166661442030873
AND_OR_NOT,810,0.0492476635118263
AND_OR_NOT,811,0.051459640014522634
AND_OR_NOT,812,0.04946992286011864
AND_OR_NOT,813,0.04782950166574762
AND_OR_NOT,814,0.05374765727530173
AND_OR_NOT,815,0.05332288417090236
AND_OR_NOT,816,0.048155288869679014
AND_OR_NOT,817,0.0490924596517347
AND_OR_NOT,818,0.05068715603084206
AND_OR_NOT,819,0.054353865624694464
AND_OR_NOT,820,0.05256680473309272
AND_OR_NOT,821,0.05360838272867963
AND_OR_NOT,822,0.048395486644637775
AND_OR_NOT,823,0.053892181969901976
AND_OR_NOT,824,0.05306687842814717
AND_OR_NOT,825,0.05214432039438999
AND_OR_NOT,826,0.05416620522523741
AND_OR_NOT,827,0.050864804787953966
AND_OR_NOT,828,0.05393078282446462
AND_OR_NOT,829,0.054054768331265546
AND_OR_NOT,830,0.053331802012531515
AND_OR_NOT,831,0.04678675383826025
AND_OR_NOT,832,0.05215343041466891
AND_OR_NOT,833,0.05300468622390819
AND_OR_NOT,834,0.05005599040469011
AND_OR_NOT,835,0.05270257857142313
AND_OR_NOT,836,0.049666736565684655
AND_OR_NOT,837,0.05301015469800796
AND_OR_NOT,838,0.05438431192736137
AND_OR_NOT,839,0.047797762640210295
AND_OR_NOT,840,0.050056931985623665
AND_OR_NOT,841,0.05047521839381486
AND_OR_NOT,842,0.04971949323345348
AND_OR_NOT,843,0.05450379305234332
AND_OR_NOT,844,0.05186055136519774
AND_OR_NOT,845,0.05375297039275928
AND_OR_NOT,846,0.047488494151480265
AND_OR_NOT,847,0.049279654489813085
AND_OR_NOT,848,0.05086063340456626
AND_OR_NOT,849,0.048986552830636465
AND_OR_NOT,850,0.05389732520121582
AND_OR_NOT,851,0.05222961992537711
AND_OR_NOT,852,0.04879148664545019
AND_OR_NOT,853,0.0519523556264736
AND_OR_NOT,854,0.0520055758858089
AND_OR_NOT,855,0.050872807913803775
AND_OR_NOT,856,0.04818754791757218
AND_OR_NOT,857,0.05245216026700483
AND_OR_NOT,858,0.052777034784739274
AND_OR_NOT,859,0.04986406627358553
AND_OR_NOT,860,0.052979138597946895
AND_OR_NOT,861,0.04725826754348861
AND_OR_NOT,862,0.04935826507561836
AND_OR_NOT,863,0.052349381558165264
AND_OR_NOT,864,0.05018477108547592
AND_OR_NOT,865,0.0526933312344956
AND_OR_NOT,866,0.051785887359504734
AND_OR_NOT,867,0.05117235971620826
AND_OR_NOT,868,0.05086766807338561
AND_OR_NOT,869,0.05258079948722483
AND_OR_NOT,870,0.050389794181314285
AND_OR_NOT,871,0.05008120968298935
AND_OR_NOT,872,0.05016884777009212
AND_OR_NOT,873,0.04913697887748336
AND_OR_NOT,874,0.05494516562695684
AND_OR_NOT,875,0.051757477829358245
AND_OR_NOT,876,0.05079707705469594
AND_OR_NOT,877,0.05200858881352499
AND_OR_NOT,878,0.05445896615049017
AND_OR_NOT,879,0.05263757482886089
AND_OR_NOT,880,0.050089090420439186
AND_OR_NOT,881,0.05100920502993911
AND_OR_NOT,882,0.054008391064741645
AND_OR_NOT,883,0.050132326306303154
AND_OR_NOT,884,0.0522848083206543
AND_OR_NOT,885,0.051213925057807086
AND_OR_NOT,886,0.049838554563736426
AND_OR_NOT,887,0.0506366476341642
AND_OR_NOT,888,0.05019669383539482
AND_OR_NOT,889,0.05173395218459931
AND_OR_NOT,890,0.04818828958630306
AND_OR_NOT,891,0.053446342298359206
AND_OR_NOT,892,0.052654365450174545
AND_OR_NOT,893,0.05420093497156586
AND_OR_NOT,894,0.057239306329734285
AND_OR_NOT,895,0.05237404557450365
AND_OR_NOT,896,0.05299760356725991
AND_OR_NOT,897,0.05533469570122174
AND_OR_NOT,898,0.046785495294833335
AND_OR_NOT,899,0.051505925479155334
AND_OR_NOT,900,0.05049056377679895
AND_OR_NOT,901,0.052807557117697246
AND_OR_NOT,902,0.05095474867624161
AND_OR_NOT,903,0.047406668274642016
AND_OR_NOT,904,0.05242846209554919
AND_OR_NOT,905,0.0535491506331901
AND_OR_NOT,906,0.04965275592625551
AND_OR_NOT,907,0.05152700004248434
AND_OR_NOT,908,0.05518454739166889
AND_OR_NOT,909,0.049460739630568296
AND_OR_NOT,910,0.05320878676448404
AND_OR_NOT,911,0.05199190128245712
AND_OR_NOT,912,0.05237070366904184
AND_OR_NOT,913,0.04894719154930416
AND_OR_NOT,914,0.052702987646062516
AND_OR_NOT,915,0.0546654608855488
AND_OR_NOT,916,0.05206546357625297
AND_OR_NOT,917,0.05267079952734888
AND_OR_NOT,918,0.053863062874995093
AND_OR_NOT,919,0.050810166621743424
AND_OR_NOT,920,0.050432265536898835
AND_OR_NOT,921,0.05013404299685076
AND_OR_NOT,922,0.052246347620724554
AND_OR_NOT,923,0.05195822029095276
AND_OR_NOT,924,0.05115420051152808
AND_OR_NOT,925,0.05367214618609828
AND_OR_NOT,926,0.049568933088780076
AND_OR_NOT,927,0.05310755659707467
AND_OR_NOT,928,0.05302552773108471
AND_OR_NOT,929,0.051257061053322284
AND_OR_NOT,930,0.05234348394915089
AND_OR_NOT,931,0.050197948227931444
AND_OR_NOT,932,0.05198009445128826
AND_OR_NOT,933,0.05138394891430542
AND_OR_NOT,934,0.0501661912541469
AND_OR_NOT,935,0.04453149292467451
AND_OR_NOT,936,0.05164300019924972
AND_OR_NOT,937,0.048653106570381466
AND_OR_NOT,938,0.05349412548034338
AND_OR_NOT,939,0.049105908871483805
AND_OR_NOT,940,0.052932233244134985
AND_OR_NOT,941,0.052904006828009664
AND_OR_NOT,942,0.048482183733907225
AND_OR_NOT,943,0.053264585247012275
AND_OR_NOT,944,0.04807480611443604
AND_OR_NOT,945,0.05067862555932712
AND_OR_NOT,946,0.049530810588639285
AND_OR_NOT,947,0.04934712875473224
AND_OR_NOT,948,0.05349660482285412
AND_OR_NOT,949,0.05457596281347066
AND_OR_NOT,950,0.05229618924126789
AND_OR_NOT,951,0.05324181595944366
AND_OR_NOT,952,0.05146268955337763
AND_OR_NOT,953,0.04906121346016612
AND_OR_NOT,954,0.05551031111977878
AND_OR_NOT,955,0.05102108475872191
AND_OR_NOT,956,0.05272945958677355
AND_OR_NOT,957,0.0518155093241256
AND_OR_NOT,958,0.0549873266635762
AND_OR_NOT,959,0.05019755972040896
AND_OR_NOT,960,0.051923006430746654
AND_OR_NOT,961,0.05173833996617794
AND_OR_NOT,962,0.05402092953364124
AND_OR_NOT,963,0.05243800201102489
AND_OR_NOT,964,0.05164184614779044
AND_OR_NOT,965,0.05431767724892078
AND_OR_NOT,966,0.05311536935686334
AND_OR_NOT,967,0.05315653090955874
AND_OR_NOT,968,0.048305231643990254
AND_OR_NOT,969,0.05255939474696558
AND_OR_NOT,970,0.05027425912255157
AND_OR_NOT,971,0.04937306407866249
AND_OR_NOT,972,0.04955654491372419
AND_OR_NOT,973,0.05408333275702104
AND_OR_NOT,974,0.052027211622639236
AND_OR_NOT,975,0.04608812036581278
AND_OR_NOT,976,0.04988032416027899
AND_OR_NOT,977,0.05024824498558689
AND_OR_NOT,978,0.04840293707338317
AND_OR_NOT,979,0.05234190876704237
AND_OR_NOT,980,0.05078296547633199
AND_OR_NOT,981,0.05113078717197406
AND_OR_NOT,982,0.050203530957945164
AND_OR_NOT,983,0.04926517073599923
AND_OR_NOT,984,0.05330426529608001
AND_OR_NOT,985,0.05024478940785626
AND_OR_NOT,986,0.05439291643534172
AND_OR_NOT,987,0.045859463763375685
AND_OR_NOT,988,0.05097214739415534
AND_OR_NOT,989,0.05032407613142209
AND_OR_NOT,990,0.051988611320337275
AND_OR_NOT,991,0.0549510420647743
AND_OR_NOT,992,0.05177281569867176
AND_OR_NOT,993,0.053141411445133846
AND_OR_NOT,994,0.047525747667111706
AND_OR_NOT,995,0.0503476702883332
AND_OR_NOT,996,0.05191628534785042
AND_OR_NOT,997,0.050578391629699904
AND_OR_NOT,998,0.05381559557973348
AND_OR_NOT,999,0.04707013283708039
